--
-- PostgreSQL database dump
--

-- Dumped from database version 15.10
-- Dumped by pg_dump version 16.2

SET statement_timeout = 0;
SET lock_timeout = 0;
SET idle_in_transaction_session_timeout = 0;
SET client_encoding = 'UTF8';
SET standard_conforming_strings = on;
SELECT pg_catalog.set_config('search_path', '', false);
SET check_function_bodies = false;
SET xmloption = content;
SET client_min_messages = warning;
SET row_security = off;

--
-- Data for Name: SequelizeMeta; Type: TABLE DATA; Schema: public; Owner: postgres
--

COPY public."SequelizeMeta" (name) FROM stdin;
20250305094102-create_order_table.js
20250309055417-update-roles.js
20250309055622-update-roles-hashed_key.js
20250309065426-add-hashed-key-to-branches.js
20250309070150-add-bank_account-table.js
20250309070312-add-bank_account-table-hashed_key.js
20250309072223-add-hashed-key-to-products.js
20250309072641-add-hashed-key-to-users.js
20250309115045-update-orders-table.js
20250309120833-update-orders-table-rename.js
20250309121121-update-orders-table-rename-esign.js
20250309121728-add-orders-table.js
20250309124123-add-orders-table-nullable.js
20250309124319-update-orders-table.js
20250309124449-update-orders-table-redo.js
20250309170030-order-update-table.js
20250309190732-create-documents-table.js
20250309192909-add-merged_document-orders-table.js
20250309193149-add-id-documents-orders-table.js
20250309193327-add-id-documents-table.js
20250310091106-order-nullable-table.js
20250310091609-order-null-table.js
20250310235823-update-orders-fields-table.js
20250311000243-remove-aadhaar-details-orders-fields-table.js
20250311000702-remove-optional-orders-fields-table.js
20250311002245-drop-orders-table.js
20250311002337-create-orders-table.js
20250311014257-create_esigns_table.js
20250311020613-update_esigns_table.js
20250305073056-create-document-types-table.js
20250305140051-create-purpose-table.js
20250305154056-create-transaction-type-table.js
20250311020723-update_esigns_table-dates.js
20250311045745-addind-new-master-tables.js
20250311094051-add-hashed-key-remove-public-key.js
20250311094605-document_type_table_add.js
20250311095151-transaction_type_table_add.js
20250311095419-transaction_type_table_update.js
20250311095608-transaction_type_table_update-hashed.js
20250311100211-recreate_transaction_type.js
20250311100515-recreate_purposes_table.js
20250311104241-update_purpose_table.js
20250312040646-hashed_key-esign.js
20250312043405-add-e-sign-link-to-orders.js
20250312092912-create_users_table.js
20250313100022-create-order-table.js
20250313100158-create_esigns_table.js
20250313102615-rename-order-id.js
20250313104324-add-partner-order-id-to-esigns.js
20250313115735-add-e-sign-fields-to-orders.js
20250316101413-create-vkyc-table.js
20250316102147-relate-order-vkyc-table.js
20250316120925-update-vkyc-table.js
20250316122938-add-new-vkyc-fields-to-order.js
20250317063531-add_incident_fields_to_orders.js
20250317102804-change-partner-id-type.js
20250317103407-change-partner-id-type-uuid.js
\.


--
-- Data for Name: bank_accounts; Type: TABLE DATA; Schema: public; Owner: postgres
--

COPY public.bank_accounts (id, account_holder_name, account_number, bank_name, bank_branch, ifsc_code, is_beneficiary, created_by, updated_by, "createdAt", "updatedAt", hashed_key) FROM stdin;
932f9ae8-654e-457c-aa9e-739ede70f437	John Doe	123456789012	State Bank of India	MG Road Branch	SBIN0001234	t	\N	\N	2025-03-09 13:22:18.04+05:30	2025-03-09 13:22:18.04+05:30	2a33349e7e606a8ad2e30e3c84521f9377450cf09083e162e0a9b1480ce0f972
\.


--
-- Data for Name: branches; Type: TABLE DATA; Schema: public; Owner: postgres
--

COPY public.branches (id, name, location, city, state, business_type, created_by, updated_by, "createdAt", "updatedAt", hashed_key) FROM stdin;
74e2fe0b-7ce8-4e90-b6d3-0df25215000e	Main Branch	Bengaluru	Bengaluru	Karnataka	large_enterprise	\N	\N	2025-03-09 12:19:02.806+05:30	2025-03-09 12:19:02.806+05:30	074d3d3d2454411322a70003486c1b87
\.


--
-- Data for Name: document_master; Type: TABLE DATA; Schema: public; Owner: postgres
--

COPY public.document_master (id, document_type, purpose_id, created_by, updated_by, "createdAt", "updatedAt", hashed_key) FROM stdin;
\.


--
-- Data for Name: document_requirements; Type: TABLE DATA; Schema: public; Owner: postgres
--

COPY public.document_requirements (id, document_type, is_required, created_by, updated_by, "createdAt", "updatedAt", hashed_key) FROM stdin;
\.


--
-- Data for Name: users; Type: TABLE DATA; Schema: public; Owner: postgres
--

COPY public.users (id, role_id, email, password, branch_id, bank_account_id, is_active, business_type, created_by, updated_by, "createdAt", "updatedAt", hashed_key) FROM stdin;
83d23fad-6a07-418d-a9ff-34d7d1cb5e7d	c1aacbf3-22a7-46b5-bf2f-73d14481b90e	mohammed@dataseedtech.com	$2a$10$XztHKDJEHL72KjActv/bR.n6aDyLcAxsTVGiQr9rEaQsQqsMqYdmm	74e2fe0b-7ce8-4e90-b6d3-0df25215000e	\N	t	large_enterprise	\N	\N	2025-03-09 13:35:30.345+05:30	2025-03-09 13:35:30.345+05:30	43e4c36ec7bb222c62d3bb5d17c3b428eef9d7afcfa46be9de8bdcc37610182b
42434214-6c98-402d-83e3-0a61479d9fd0	b96ea391-c050-406a-b27b-898bbde809c4	contact2tayib@gmail.com	$2a$10$sRjC8PGMY.fD3N1K8ITfJ.9UVObdBhfNSLwAwGDcKUPlL8o12S14O	74e2fe0b-7ce8-4e90-b6d3-0df25215000e	932f9ae8-654e-457c-aa9e-739ede70f437	t	large_enterprise	\N	\N	2025-03-09 15:14:41.227+05:30	2025-03-09 15:14:41.227+05:30	1439dbe32845b97afe724578a7467bfd7feb1785f180d290aca0ae6244821c9b
49592f43-c59f-4084-bf3a-79a7ba6f182e	e6278a5b-298c-4453-8863-f3851eed476f	reach2tayib@gmail.com	$2a$10$p0/1RBR0mhK2A.2ogC9Q9OOIcMpmuuL7j3L4mEg68jqa7F3j4edrK	74e2fe0b-7ce8-4e90-b6d3-0df25215000e	932f9ae8-654e-457c-aa9e-739ede70f437	t	large_enterprise	\N	\N	2025-03-09 15:26:01.069+05:30	2025-03-09 15:26:01.069+05:30	b26f344c307b741a8d07f00da3dbb5bbaf085c76b9a8bb4a5d209745a94cdf68
\.


--
-- Data for Name: document_type; Type: TABLE DATA; Schema: public; Owner: postgres
--

COPY public.document_type (id, hashed_key, name, is_active, created_at, updated_at, created_by, updated_by) FROM stdin;
8fff0b77-a111-4e45-b461-1a105f5e476e	9aae975b52a0803109e4538a0bafd3e9m84deewb	PAN	t	2025-03-11 16:20:41+05:30	2025-03-11 16:20:41.002+05:30	83d23fad-6a07-418d-a9ff-34d7d1cb5e7d	83d23fad-6a07-418d-a9ff-34d7d1cb5e7d
22e0577f-ecd9-4ce8-9e11-aa0ba70d7984	eec3fadcdbc41ce2473ddc9166d79e6em84deo8n	Aadhaar	t	2025-03-11 16:20:53.11+05:30	2025-03-11 16:20:53.111+05:30	83d23fad-6a07-418d-a9ff-34d7d1cb5e7d	83d23fad-6a07-418d-a9ff-34d7d1cb5e7d
5680781a-e46d-41fd-8bb9-9e3cd4954dd1	afbc0aa23d9368384d8163070126911em84dexgd	Passport	t	2025-03-11 16:21:05.053+05:30	2025-03-11 16:21:05.053+05:30	83d23fad-6a07-418d-a9ff-34d7d1cb5e7d	83d23fad-6a07-418d-a9ff-34d7d1cb5e7d
\.


--
-- Data for Name: documents; Type: TABLE DATA; Schema: public; Owner: postgres
--

COPY public.documents (id, entity_id, entity_type, purpose_id, document_type_id, document_name, document_url, status, document_expiry, is_doc_front_image, is_doc_back_image, is_uploaded, is_customer, created_by, updated_by, "createdAt", "updatedAt", hashed_key) FROM stdin;
d3482e55-bc31-4c7d-b8d8-2f0b732ba58f	ae455c41-46ab-4d77-8b1d-244b4ed4f503	customer	\N	22e0577f-ecd9-4ce8-9e11-aa0ba70d7984	NIUM2_eec3fadcdbc41ce2473ddc9166d79e6em84deo8n.pdf	{"url":"https://docnest.s3.ap-south-1.amazonaws.com/NIUM2/NIUM2_eec3fadcdbc41ce2473ddc9166d79e6em84deo8n.pdf?X-Amz-Algorithm=AWS4-HMAC-SHA256&X-Amz-Content-Sha256=UNSIGNED-PAYLOAD&X-Amz-Credential=AKIAQUFLQNGLQIKPAL6H%2F20250317%2Fap-south-1%2Fs3%2Faws4_request&X-Amz-Date=20250317T180229Z&X-Amz-Expires=3600&X-Amz-Signature=50543597d03ccecc990f7808cbf49b6afe599e1a528b4a96c98b063359a5803f&X-Amz-SignedHeaders=host&x-amz-checksum-mode=ENABLED&x-id=GetObject","mimeType":"application/pdf","size":671515,"uploadedAt":"2025-03-17T18:02:29.885Z"}	pending	\N	f	f	t	f	\N	\N	2025-03-17 23:32:29.887+05:30	2025-03-17 23:32:29.887+05:30	63a018aa36a30325d13eb264cccaa435m8ddgubk
5bf6fe49-ffae-427a-8bf0-5d5c2ca3603c	8e74254a-a2a5-4c07-8f90-7e76111b81c3	customer	\N	22e0577f-ecd9-4ce8-9e11-aa0ba70d7984	NIUM3_eec3fadcdbc41ce2473ddc9166d79e6em84deo8n.pdf	{"url":"https://docnest.s3.ap-south-1.amazonaws.com/NIUM3/NIUM3_eec3fadcdbc41ce2473ddc9166d79e6em84deo8n.pdf?X-Amz-Algorithm=AWS4-HMAC-SHA256&X-Amz-Content-Sha256=UNSIGNED-PAYLOAD&X-Amz-Credential=AKIAQUFLQNGLQIKPAL6H%2F20250318%2Fap-south-1%2Fs3%2Faws4_request&X-Amz-Date=20250318T070615Z&X-Amz-Expires=3600&X-Amz-Signature=30cae8a4465de7cf98a64043c2662221f3cf066abb9b8f0794427927a857502d&X-Amz-SignedHeaders=host&x-amz-checksum-mode=ENABLED&x-id=GetObject","mimeType":"application/pdf","size":946450,"uploadedAt":"2025-03-18T07:06:15.886Z"}	pending	\N	f	f	t	f	\N	\N	2025-03-18 12:36:15.887+05:30	2025-03-18 12:36:15.887+05:30	176e3dbad23fe788fabbdd23f8c5e785m8e5grtc
56f06492-e58d-4ebc-9d6e-f9f47f9ec385	8e74254a-a2a5-4c07-8f90-7e76111b81c3	customer	\N	8fff0b77-a111-4e45-b461-1a105f5e476e	NIUM3_9aae975b52a0803109e4538a0bafd3e9m84deewb.png	{"url":"https://docnest.s3.ap-south-1.amazonaws.com/NIUM3/NIUM3_9aae975b52a0803109e4538a0bafd3e9m84deewb.png?X-Amz-Algorithm=AWS4-HMAC-SHA256&X-Amz-Content-Sha256=UNSIGNED-PAYLOAD&X-Amz-Credential=AKIAQUFLQNGLQIKPAL6H%2F20250318%2Fap-south-1%2Fs3%2Faws4_request&X-Amz-Date=20250318T071720Z&X-Amz-Expires=3600&X-Amz-Signature=c64f9b3c1a61ce3bbb82893840e047bc8cdd835886ddd1eb51334325c9ba930a&X-Amz-SignedHeaders=host&x-amz-checksum-mode=ENABLED&x-id=GetObject","mimeType":"image/png","size":16766,"uploadedAt":"2025-03-18T07:17:20.481Z"}	pending	\N	f	f	t	f	\N	\N	2025-03-18 12:47:20.481+05:30	2025-03-18 12:47:20.481+05:30	68b5b4d120fe524e0f06f8be56d06e4em8e5v0m9
3d1adeb3-ca5c-4079-8feb-087fbbc7abef	8e74254a-a2a5-4c07-8f90-7e76111b81c3	customer	\N	8fff0b77-a111-4e45-b461-1a105f5e476e	merged_NIUM3.pdf	{"url":"https://docnest.s3.ap-south-1.amazonaws.com/NIUM3/merge_document_NIUM3.pdf?X-Amz-Algorithm=AWS4-HMAC-SHA256&X-Amz-Content-Sha256=UNSIGNED-PAYLOAD&X-Amz-Credential=AKIAQUFLQNGLQIKPAL6H%2F20250318%2Fap-south-1%2Fs3%2Faws4_request&X-Amz-Date=20250318T071721Z&X-Amz-Expires=3600&X-Amz-Signature=a12fc4c94aad476bcd0e29f4d02996dc496e8d26ecbb2f79cd966e6c73d8910d&X-Amz-SignedHeaders=host&x-amz-checksum-mode=ENABLED&x-id=GetObject","mimeType":"application/pdf","size":971012,"uploadedAt":"2025-03-18T07:17:21.442Z"}	pending	\N	f	f	t	f	\N	\N	2025-03-18 12:46:51.187+05:30	2025-03-18 12:47:21.442+05:30	93886bf5c61707b054a877a3bee4ad8bm8e5ue0j
c598b291-6bf7-4876-9f27-695b49d1d5dc	f19fcda4-e4f9-409d-b2ef-391e72319d21	customer	\N	8fff0b77-a111-4e45-b461-1a105f5e476e	KARTHIK1_9aae975b52a0803109e4538a0bafd3e9m84deewb.pdf	{"url":"https://docnest.s3.ap-south-1.amazonaws.com/KARTHIK1/KARTHIK1_9aae975b52a0803109e4538a0bafd3e9m84deewb.pdf?X-Amz-Algorithm=AWS4-HMAC-SHA256&X-Amz-Content-Sha256=UNSIGNED-PAYLOAD&X-Amz-Credential=AKIAQUFLQNGLQIKPAL6H%2F20250320%2Fap-south-1%2Fs3%2Faws4_request&X-Amz-Date=20250320T152957Z&X-Amz-Expires=3600&X-Amz-Signature=ad13583fdd94df28fc8a62b77e2d37f2202eb04940e18e85d72387faa07be20e&X-Amz-SignedHeaders=host&x-amz-checksum-mode=ENABLED&x-id=GetObject","mimeType":"application/pdf","size":788611,"uploadedAt":"2025-03-20T15:29:57.613Z"}	pending	\N	f	f	t	f	\N	\N	2025-03-20 20:59:57.614+05:30	2025-03-20 20:59:57.614+05:30	bf089b4e5104fc2fce170c55aeced000m8hic8dq
3970dd95-e310-4ef5-a56f-6af164e1d04e	f19fcda4-e4f9-409d-b2ef-391e72319d21	customer	\N	8fff0b77-a111-4e45-b461-1a105f5e476e	KARTHIK1_9aae975b52a0803109e4538a0bafd3e9m84deewb.pdf	{"url":"https://docnest.s3.ap-south-1.amazonaws.com/KARTHIK1/KARTHIK1_9aae975b52a0803109e4538a0bafd3e9m84deewb.pdf?X-Amz-Algorithm=AWS4-HMAC-SHA256&X-Amz-Content-Sha256=UNSIGNED-PAYLOAD&X-Amz-Credential=AKIAQUFLQNGLQIKPAL6H%2F20250320%2Fap-south-1%2Fs3%2Faws4_request&X-Amz-Date=20250320T110343Z&X-Amz-Expires=3600&X-Amz-Signature=fd77ea380fe4b6b848f22b7e95249bbec265cb76f7a1765f13e1ab30f5565796&X-Amz-SignedHeaders=host&x-amz-checksum-mode=ENABLED&x-id=GetObject","mimeType":"application/pdf","size":1159272,"uploadedAt":"2025-03-20T11:03:43.146Z"}	pending	\N	f	f	t	f	\N	\N	2025-03-20 16:33:43.147+05:30	2025-03-20 16:33:43.147+05:30	cc7d64cde4e598ac39a4a6cffe913c76m8h8tuek
161dcb17-f8cf-4f75-a490-674e14a3db6c	f19fcda4-e4f9-409d-b2ef-391e72319d21	customer	\N	8fff0b77-a111-4e45-b461-1a105f5e476e	KARTHIK1_9aae975b52a0803109e4538a0bafd3e9m84deewb.pdf	{"url":"https://docnest.s3.ap-south-1.amazonaws.com/KARTHIK1/KARTHIK1_9aae975b52a0803109e4538a0bafd3e9m84deewb.pdf?X-Amz-Algorithm=AWS4-HMAC-SHA256&X-Amz-Content-Sha256=UNSIGNED-PAYLOAD&X-Amz-Credential=AKIAQUFLQNGLQIKPAL6H%2F20250320%2Fap-south-1%2Fs3%2Faws4_request&X-Amz-Date=20250320T110503Z&X-Amz-Expires=3600&X-Amz-Signature=db8bae28c3e76aa122d2130af3c51c6dc81387474435521abeb660a77966cd7f&X-Amz-SignedHeaders=host&x-amz-checksum-mode=ENABLED&x-id=GetObject","mimeType":"application/pdf","size":1159272,"uploadedAt":"2025-03-20T11:05:03.071Z"}	pending	\N	f	f	t	f	\N	\N	2025-03-20 16:35:03.073+05:30	2025-03-20 16:35:03.073+05:30	111bf207203362c00af852b85bb7837bm8h8vk2q
b4c656bb-9741-46a0-9b34-c4ff74535e17	ae455c41-46ab-4d77-8b1d-244b4ed4f503	customer	\N	8fff0b77-a111-4e45-b461-1a105f5e476e	NIUM2_9aae975b52a0803109e4538a0bafd3e9m84deewb.pdf	{"url":"https://docnest.s3.ap-south-1.amazonaws.com/NIUM2/NIUM2_9aae975b52a0803109e4538a0bafd3e9m84deewb.pdf?X-Amz-Algorithm=AWS4-HMAC-SHA256&X-Amz-Content-Sha256=UNSIGNED-PAYLOAD&X-Amz-Credential=AKIAQUFLQNGLQIKPAL6H%2F20250321%2Fap-south-1%2Fs3%2Faws4_request&X-Amz-Date=20250321T120459Z&X-Amz-Expires=3600&X-Amz-Signature=006b47a78bc5973717c63672d13c2d88c207fcd60221d8009d188e06b917fafd&X-Amz-SignedHeaders=host&x-amz-checksum-mode=ENABLED&x-id=GetObject","mimeType":"application/pdf","size":288140,"uploadedAt":"2025-03-21T12:04:59.831Z"}	pending	\N	f	f	t	f	\N	\N	2025-03-21 17:34:59.831+05:30	2025-03-21 17:34:59.831+05:30	7acc65f09336ef8c7c65a08f27bb9653m8iqgi0n
d76669bb-d751-4872-800c-bd20c06eb0c4	f19fcda4-e4f9-409d-b2ef-391e72319d21	customer	\N	5680781a-e46d-41fd-8bb9-9e3cd4954dd1	KARTHIK1_afbc0aa23d9368384d8163070126911em84dexgd.jpeg	{"url":"https://docnest.s3.ap-south-1.amazonaws.com/KARTHIK1/KARTHIK1_afbc0aa23d9368384d8163070126911em84dexgd.jpeg?X-Amz-Algorithm=AWS4-HMAC-SHA256&X-Amz-Content-Sha256=UNSIGNED-PAYLOAD&X-Amz-Credential=AKIAQUFLQNGLQIKPAL6H%2F20250320%2Fap-south-1%2Fs3%2Faws4_request&X-Amz-Date=20250320T111149Z&X-Amz-Expires=3600&X-Amz-Signature=112c566b7b4f9a80935ff30d9814b987fa41e7b5059cd400353e5cd560fdf2c2&X-Amz-SignedHeaders=host&x-amz-checksum-mode=ENABLED&x-id=GetObject","mimeType":"image/jpeg","size":1156084,"uploadedAt":"2025-03-20T11:11:49.068Z"}	pending	\N	f	f	t	f	\N	\N	2025-03-20 16:41:49.071+05:30	2025-03-20 16:41:49.071+05:30	3d63db3f8f82ebaa5e35ae05de57df84m8h949cg
c9c34d4f-fcf7-4f91-9905-f6e91a90f5cd	f19fcda4-e4f9-409d-b2ef-391e72319d21	customer	\N	8fff0b77-a111-4e45-b461-1a105f5e476e	KARTHIK1_9aae975b52a0803109e4538a0bafd3e9m84deewb.pdf	{"url":"https://docnest.s3.ap-south-1.amazonaws.com/KARTHIK1/KARTHIK1_9aae975b52a0803109e4538a0bafd3e9m84deewb.pdf?X-Amz-Algorithm=AWS4-HMAC-SHA256&X-Amz-Content-Sha256=UNSIGNED-PAYLOAD&X-Amz-Credential=AKIAQUFLQNGLQIKPAL6H%2F20250320%2Fap-south-1%2Fs3%2Faws4_request&X-Amz-Date=20250320T153026Z&X-Amz-Expires=3600&X-Amz-Signature=7f8f21adff9dc22b72a34fe1b7a8f63d5786c81ea0ad0c5ad9eb851e51acce5c&X-Amz-SignedHeaders=host&x-amz-checksum-mode=ENABLED&x-id=GetObject","mimeType":"application/pdf","size":788611,"uploadedAt":"2025-03-20T15:30:26.445Z"}	pending	\N	f	f	t	f	\N	\N	2025-03-20 21:00:26.445+05:30	2025-03-20 21:00:26.445+05:30	a2f8091e185b019cd0157e86d2bb0e46m8hicuml
831024dc-2eae-45a3-823f-85e8c9660174	f19fcda4-e4f9-409d-b2ef-391e72319d21	customer	\N	8fff0b77-a111-4e45-b461-1a105f5e476e	merged_KARTHIK1.pdf	{"url":"https://nium.thestorywallcafe.com/v1/api/documents/esign/KARTHIK1/merge_document_KARTHIK1.pdf","mimeType":"application/pdf","size":1235683,"uploadedAt":"2025-03-20T15:30:29.725Z"}	pending	\N	f	f	t	f	\N	\N	2025-03-20 21:00:29.725+05:30	2025-03-20 21:00:29.725+05:30	c56c32355622f6f4dcca7a5067df8b0cm8hicx5p
7e1eecd7-dca5-4757-be1f-9697d7b61772	ae455c41-46ab-4d77-8b1d-244b4ed4f503	customer	\N	8fff0b77-a111-4e45-b461-1a105f5e476e	NIUM2_9aae975b52a0803109e4538a0bafd3e9m84deewb.pdf	{"url":"https://docnest.s3.ap-south-1.amazonaws.com/NIUM2/NIUM2_9aae975b52a0803109e4538a0bafd3e9m84deewb.pdf?X-Amz-Algorithm=AWS4-HMAC-SHA256&X-Amz-Content-Sha256=UNSIGNED-PAYLOAD&X-Amz-Credential=AKIAQUFLQNGLQIKPAL6H%2F20250321%2Fap-south-1%2Fs3%2Faws4_request&X-Amz-Date=20250321T120416Z&X-Amz-Expires=3600&X-Amz-Signature=50cd01d267400ae3da7762e63aa94b14cd96cb420e0a2b3c20022d21fc9e4a56&X-Amz-SignedHeaders=host&x-amz-checksum-mode=ENABLED&x-id=GetObject","mimeType":"application/pdf","size":288140,"uploadedAt":"2025-03-21T12:04:16.021Z"}	pending	\N	f	f	t	f	\N	\N	2025-03-21 17:34:16.022+05:30	2025-03-21 17:34:16.022+05:30	c4a6bcfaac557993caf05b7f1a8eb38fm8iqfk7r
14708a01-90be-4a02-8128-be1a4a8727e0	ae455c41-46ab-4d77-8b1d-244b4ed4f503	customer	\N	8fff0b77-a111-4e45-b461-1a105f5e476e	merged_NIUM2.pdf	{"url":"https://nium.thestorywallcafe.com/v1/api/documents/esign/NIUM2/merge_document_NIUM2.pdf","mimeType":"application/pdf","size":9017163,"uploadedAt":"2025-03-21T12:07:47.478Z"}	pending	\N	f	f	t	f	\N	\N	2025-03-21 17:35:02.784+05:30	2025-03-21 17:37:47.479+05:30	b5a3e812a818983d7679a2b97942c792m8iqgkap
4e1917cf-a0bc-4507-97e6-3170f3ad3fa0	ae455c41-46ab-4d77-8b1d-244b4ed4f503	customer	\N	5680781a-e46d-41fd-8bb9-9e3cd4954dd1	NIUM2_afbc0aa23d9368384d8163070126911em84dexgd.pdf	{"url":"https://docnest.s3.ap-south-1.amazonaws.com/NIUM2/NIUM2_afbc0aa23d9368384d8163070126911em84dexgd.pdf?X-Amz-Algorithm=AWS4-HMAC-SHA256&X-Amz-Content-Sha256=UNSIGNED-PAYLOAD&X-Amz-Credential=AKIAQUFLQNGLQIKPAL6H%2F20250321%2Fap-south-1%2Fs3%2Faws4_request&X-Amz-Date=20250321T120743Z&X-Amz-Expires=3600&X-Amz-Signature=4b589be4f68675c59d66b0f94b4ae08d5b6106e1ca67fe9f19d9c7383d46ed20&X-Amz-SignedHeaders=host&x-amz-checksum-mode=ENABLED&x-id=GetObject","mimeType":"application/pdf","size":4353303,"uploadedAt":"2025-03-21T12:07:43.741Z"}	pending	\N	f	f	t	f	\N	\N	2025-03-21 17:37:43.741+05:30	2025-03-21 17:37:43.741+05:30	bcd2aa7cadbe905573e5fdf2e44e9871m8iqk0hp
\.


--
-- Data for Name: roles; Type: TABLE DATA; Schema: public; Owner: postgres
--

COPY public.roles (id, name, status, created_by, updated_by, "createdAt", "updatedAt", hashed_key) FROM stdin;
c1aacbf3-22a7-46b5-bf2f-73d14481b90e	admin	t	\N	\N	2025-03-09 11:44:03.677+05:30	2025-03-09 11:44:03.677+05:30	ee1894c89225b9868a3d0579fd96ce39072e10d0b029de1e59b938d7d0e01fd0
b96ea391-c050-406a-b27b-898bbde809c4	co-admin	t	c1aacbf3-22a7-46b5-bf2f-73d14481b90e	\N	2025-03-09 11:51:07.351+05:30	2025-03-09 11:51:07.351+05:30	1b892188ddceb591b621924a956ba2ea14c8d9ef453216487defb6828d269747
e6278a5b-298c-4453-8863-f3851eed476f	checker	t	b96ea391-c050-406a-b27b-898bbde809c4	\N	2025-03-09 11:52:03.634+05:30	2025-03-09 11:52:03.634+05:30	144ab2a5480745bf69996af0f64e83dc018118ee119664c2bfda4ae4d7b1878a
a141eecb-19bc-4807-ba90-1b8edd407608	maker	t	b96ea391-c050-406a-b27b-898bbde809c4	\N	2025-03-09 11:52:14.267+05:30	2025-03-09 11:52:14.267+05:30	85a6f0ef5755140f6f15905aedc5782c24b5ef8e39ea91c0faa64ae2ec4f475c
e301e153-fc27-4502-816e-b9755b83fb63	maker-checker	f	b96ea391-c050-406a-b27b-898bbde809c4	b96ea391-c050-406a-b27b-898bbde809c4	2025-03-09 11:52:29.599+05:30	2025-03-09 12:06:44.474+05:30	deec8edb1634e6dcfefe746fd5539218c931b95af55f45de6f0af9bf4e20c024
\.


--
-- Data for Name: partners; Type: TABLE DATA; Schema: public; Owner: postgres
--

COPY public.partners (id, hashed_key, role_id, email, first_name, last_name, password, api_key, is_active, business_type, created_by, updated_by, "createdAt", "updatedAt") FROM stdin;
1dd73afa-be0b-47db-9515-b9ddb7fd3916	10015708d01298cbc484b7d042318629m8cuy1r3	a141eecb-19bc-4807-ba90-1b8edd407608	karthik@ekfrazo.in	Mohammed	Tayib Ekfrazo	$2a$10$6khTuZ/RpavekfWdDjzR9uy9rXsszBoyw7lGCeGE1/cZbpdG2mfc2	7e563fd4-e6a7-4393-9541-555ccba0faf6	t	large_enterprise	42434214-6c98-402d-83e3-0a61479d9fd0	42434214-6c98-402d-83e3-0a61479d9fd0	2025-03-17 14:53:59.967+05:30	2025-03-17 14:56:04.441+05:30
00eb04d0-646c-41d5-a69e-197b2b504f01	0ac6e031c0dbcd5658daa3cf71f68237d1235c2485bdd305027497b02887cd2c	a141eecb-19bc-4807-ba90-1b8edd407608	tayibulla@indusvision.ai	Mohammed	Tayibulla	$2a$10$Q21AOtYVann1SIJyEuA18O3vdu7OtFUN0Q/aZccCFANuY66Im/QOS	c1c9773f-49be-4f31-b37a-a853dc2b2981	t	large_enterprise	83d23fad-6a07-418d-a9ff-34d7d1cb5e7d	83d23fad-6a07-418d-a9ff-34d7d1cb5e7d	2025-03-09 14:24:59.523+05:30	2025-03-10 14:09:15.218+05:30
d1caed18-0331-4f33-9b6d-604edd177fec	6ba01180c83e63869a424d00d3373dffm8b76hih	a141eecb-19bc-4807-ba90-1b8edd407608	mohammed@ekfrazo.in	Mohammed	Ekfrazo	$2a$10$RkLd8pYyME1Wm2oam14EwuklBwZ2perUscd9.0Du3TXcFf5VzjlKa	fd4db807-6c45-436a-80e1-31a7920d397f	t	large_enterprise	83d23fad-6a07-418d-a9ff-34d7d1cb5e7d	83d23fad-6a07-418d-a9ff-34d7d1cb5e7d	2025-03-16 11:00:56.679+05:30	2025-03-16 11:00:56.679+05:30
\.


--
-- Data for Name: orders; Type: TABLE DATA; Schema: public; Owner: postgres
--

COPY public.orders (id, hashed_key, partner_id, partner_order_id, transaction_type, purpose_type, is_esign_required, is_v_kyc_required, customer_name, customer_email, customer_phone, customer_pan, order_status, e_sign_status, e_sign_link, e_sign_link_status, e_sign_link_expires, e_sign_completed_by_customer, e_sign_customer_completion_date, e_sign_doc_comments, v_kyc_status, v_kyc_link, v_kyc_link_status, v_kyc_link_expires, v_kyc_completed_by_customer, v_kyc_customer_completion_date, v_kyc_comments, is_esign_regenerated, is_esign_regenerated_details, is_video_kyc_link_regenerated, is_video_kyc_link_regenerated_details, created_by, updated_by, checker_id, merged_document, "createdAt", "updatedAt", e_sign_link_doc_id, e_sign_link_request_id, v_kyc_reference_id, v_kyc_profile_id, incident_status, incident_checker_comments, nium_order_id, nium_invoice_number, date_of_departure, incident_completion_date) FROM stdin;
c2045ec7-c400-48ff-b1d1-c6fa0c976436	b5ef13ca03982da86a6d39e71d9d041cm88fbnsk	00eb04d0-646c-41d5-a69e-197b2b504f01	NIUMORDERID001	a8712d83154b960b9d3803d30b1112cam84dhj1k	378dcac6a3a4c406cc11e112b91a99e8m84dbjsa	f	t	Mohammed Tayibulla	contact2tayib@gmail.com	8550895486	CAIPT0727K	pending	completed	https://app1.leegality.com/sign/5531f43b-00f4-4736-a0b8-fc153ae41d20	Active	2025-03-19 15:40:47.877+05:30	\N	\N	\N	not generated	\N	\N	\N	\N	\N	\N	f	\N	f	\N	00eb04d0-646c-41d5-a69e-197b2b504f01	00eb04d0-646c-41d5-a69e-197b2b504f01	\N	\N	2025-03-14 12:25:36.499+05:30	2025-03-17 11:39:04.575+05:30	01JPA2521S5TWBTKB1483098QD	67e921e8-0493-47fb-89c0-660540fa4dc7	\N	\N	\N	\N	\N	\N	\N	\N
0158f7d3-1433-4624-ae6d-4dec5d3e4aff	18979cbd0751920fe8c6fbcbd368b585m8b7oa9m	d1caed18-0331-4f33-9b6d-604edd177fec	BMFORDERID002	a8712d83154b960b9d3803d30b1112cam84dhj1k	378dcac6a3a4c406cc11e112b91a99e8m84dbjsa	t	t	Mohammed Tayibulla	contact2tayib@gmail.com	8550895486	CAIPT0727K	pending	not generated	\N	\N	\N	\N	\N	\N	not generated	https://capture.kyc.idfy.com/v2/captures?t=Z2aXXog9w_PP	active	2025-03-31 19:23:13+05:30	\N	\N	\N	f	\N	t	[{"profile_id": "0ac0bd43-4af1-4811-a0ea-7be9892d079d", "v_kyc_link": "https://capture.kyc.idfy.com/v2/captures?t=0VWKvWLQ7iuK", "reference_id": "BMFORDERID002-1742127082304", "attempt_number": 1, "v_kyc_link_status": "active", "v_kyc_link_expires": "2025-03-31T12:11:18.000Z"}, {"profile_id": "3ee58701-5268-4b72-97d8-af1e65ae5a32", "v_kyc_link": "https://capture.kyc.idfy.com/v2/captures?t=bX1iE8c9SBzV", "reference_id": "BMFORDERID002-1742127137962", "attempt_number": 2, "v_kyc_link_status": "active", "v_kyc_link_expires": "2025-03-31T12:12:14.000Z"}, {"profile_id": "89ace978-cfe9-4fe3-9040-1ca03588cbbd", "v_kyc_link": "https://capture.kyc.idfy.com/v2/captures?t=zLZRCeHmQdbB", "reference_id": "BMFORDERID002-1742128829218", "attempt_number": 3, "v_kyc_link_status": "capture_pending", "v_kyc_link_expires": "2025-03-31T12:40:25.000Z"}, {"profile_id": "64b5f707-ed47-4076-9976-275db41a6a8b", "v_kyc_link": "https://capture.kyc.idfy.com/v2/captures?t=deQpzSYADMYx", "reference_id": "BMFORDERID002-1742133153409", "attempt_number": 4, "v_kyc_link_status": "active", "v_kyc_link_expires": "2025-03-31T13:52:29.000Z"}, {"profile_id": "a0ef7f1b-304f-4b53-a9a3-2174baa670ca", "v_kyc_link": "https://capture.kyc.idfy.com/v2/captures?t=zlKiqhaJSYja", "reference_id": "BMFORDERID002-1742133179152", "attempt_number": 5, "v_kyc_link_status": "active", "v_kyc_link_expires": "2025-03-31T13:52:55.000Z"}, {"profile_id": "35f4d11b-6b73-4404-8902-e6680374a3d1", "v_kyc_link": "https://capture.kyc.idfy.com/v2/captures?t=Z2aXXog9w_PP", "reference_id": "BMFORDERID002-1742133197558", "attempt_number": 6, "v_kyc_link_status": "active", "v_kyc_link_expires": "2025-03-31T13:53:13.000Z"}]	d1caed18-0331-4f33-9b6d-604edd177fec	d1caed18-0331-4f33-9b6d-604edd177fec	\N	\N	2025-03-16 11:14:47.096+05:30	2025-03-16 19:23:18.248+05:30	\N	\N	BMFORDERID002-1742133197558	35f4d11b-6b73-4404-8902-e6680374a3d1	\N	\N	\N	\N	\N	\N
2a8c1277-7d84-4919-8e0c-dfac12399032	4b193e46e83743dbc25e3b1cc1745efbm8bvaab3	00eb04d0-646c-41d5-a69e-197b2b504f01	BMFORDERID003	a8712d83154b960b9d3803d30b1112cam84dhj1k	378dcac6a3a4c406cc11e112b91a99e8m84dbjsa	t	t	Mohammed Tayibulla	contact2tayib@gmail.com	8550895486	CAIPT0727K	pending	not generated	\N	\N	\N	\N	\N	\N	not generated	\N	\N	\N	\N	\N	\N	f	\N	f	\N	00eb04d0-646c-41d5-a69e-197b2b504f01	00eb04d0-646c-41d5-a69e-197b2b504f01	\N	\N	2025-03-16 22:15:44.747+05:30	2025-03-16 22:15:44.747+05:30	\N	\N	\N	\N	\N	\N	\N	\N	\N	\N
f19fcda4-e4f9-409d-b2ef-391e72319d21	ef69d53e4391d388ba9cd76fbce7008dm8fqlkgt	00eb04d0-646c-41d5-a69e-197b2b504f01	KARTHIK1	a8712d83154b960b9d3803d30b1112cam84dhj1k	378dcac6a3a4c406cc11e112b91a99e8m84dbjsa	t	t	Mohammed Tayibulla	reach2tayib@gmail.com	8550895486	CAIPT0727K	pending	pending	https://app1.leegality.com/sign/14207a52-3a8b-45e8-951e-6d9ca63a40a7	active	2025-03-25 20:27:13.598+05:30	\N	\N	\N	pending	https://capture.kyc.idfy.com/v2/captures?t=Y4AOB6Y3B_cc	active	2025-04-04 20:48:28+05:30	f	\N	\N	f	\N	t	[{"profile_id": "e968006d-43b7-4fac-b156-c0e23f592232", "v_kyc_link": "https://capture.kyc.idfy.com/v2/captures?t=ofdBCIMJEhhH", "reference_id": "KARTHIK1-1742442866098", "attempt_number": 1, "v_kyc_link_status": "pending", "v_kyc_link_expires": "2025-04-04T03:54:25.000Z"}, {"profile_id": "1106212f-6aac-4ae5-8d69-4d36909707ee", "v_kyc_link": "https://capture.kyc.idfy.com/v2/captures?t=Y4AOB6Y3B_cc", "reference_id": "KARTHIK1-1742483908381", "attempt_number": 2, "v_kyc_link_status": "active", "v_kyc_link_expires": "2025-04-04T15:18:28.000Z"}]	00eb04d0-646c-41d5-a69e-197b2b504f01	00eb04d0-646c-41d5-a69e-197b2b504f01	\N	{"url": "https://nium.thestorywallcafe.com/v1/api/documents/esign/KARTHIK1/merge_document_KARTHIK1.pdf", "size": 1235683, "mimeType": "application/pdf", "createdAt": "2025-03-20T15:30:29.738Z", "documentIds": ["831024dc-2eae-45a3-823f-85e8c9660174"]}	2025-03-19 15:15:37.756+05:30	2025-03-20 21:00:29.739+05:30	01JPT0XWRG5K1PC2S3FWWPYKD3	798cf11e-9605-42ba-a86c-c2c8ea0dfdb2	KARTHIK1-1742483908381	1106212f-6aac-4ae5-8d69-4d36909707ee	\N	\N	NIUMF862642	\N	\N	\N
8e74254a-a2a5-4c07-8f90-7e76111b81c3	c70be641368bfb1e092c93c681c945eem8e4e3ef	00eb04d0-646c-41d5-a69e-197b2b504f01	NIUM3	a8712d83154b960b9d3803d30b1112cam84dhj1k	378dcac6a3a4c406cc11e112b91a99e8m84dbjsa	t	t	Mohammed Tayibulla	contact2tayib@gmail.com	8550895486	CAIPT0727K	pending	completed	https://app1.leegality.com/sign/9ca05c27-b7cb-4dbd-8f8d-838e7ce931a6	active	2025-03-23 13:01:42.211+05:30	\N	\N	\N	pending	https://capture.kyc.idfy.com/v2/captures?t=9a_fIYFLSWXS	active	2025-04-02 13:25:08+05:30	f	\N	\N	f	\N	t	[{"profile_id": "4e504726-b790-4717-b85d-a98dcf12e177", "v_kyc_link": "https://capture.kyc.idfy.com/v2/captures?t=aFXPDpC27JQM", "reference_id": "NIUM3-1742283769601", "attempt_number": 1, "v_kyc_link_status": "active", "v_kyc_link_expires": "2025-04-02T07:42:49.000Z"}, {"profile_id": "e5bde616-248d-4a27-9acd-0f3c63fdcdcd", "v_kyc_link": "https://capture.kyc.idfy.com/v2/captures?t=9a_fIYFLSWXS", "reference_id": "NIUM3-1742284508468", "attempt_number": 2, "v_kyc_link_status": "active", "v_kyc_link_expires": "2025-04-02T07:55:08.000Z"}]	00eb04d0-646c-41d5-a69e-197b2b504f01	00eb04d0-646c-41d5-a69e-197b2b504f01	\N	{"url": "https://docnest.s3.ap-south-1.amazonaws.com/NIUM3/merge_document_NIUM3.pdf?X-Amz-Algorithm=AWS4-HMAC-SHA256&X-Amz-Content-Sha256=UNSIGNED-PAYLOAD&X-Amz-Credential=AKIAQUFLQNGLQIKPAL6H%2F20250318%2Fap-south-1%2Fs3%2Faws4_request&X-Amz-Date=20250318T071721Z&X-Amz-Expires=3600&X-Amz-Signature=a12fc4c94aad476bcd0e29f4d02996dc496e8d26ecbb2f79cd966e6c73d8910d&X-Amz-SignedHeaders=host&x-amz-checksum-mode=ENABLED&x-id=GetObject", "size": 971012, "mimeType": "application/pdf", "createdAt": "2025-03-18T07:17:21.447Z", "documentIds": ["3d1adeb3-ca5c-4079-8feb-087fbbc7abef"]}	2025-03-18 12:06:11.318+05:30	2025-03-18 13:25:08.864+05:30	01JPM2MNKM6H73ZN48XYCD661Q	34c7e255-c9cb-488e-987c-e06bcdfb7a42	NIUM3-1742284508468	e5bde616-248d-4a27-9acd-0f3c63fdcdcd	\N	\N	NIUMF726351	\N	\N	\N
ae455c41-46ab-4d77-8b1d-244b4ed4f503	9de12d4f158db3a0f924da8b09381946m8dbxrsh	1dd73afa-be0b-47db-9515-b9ddb7fd3916	NIUM2	a8712d83154b960b9d3803d30b1112cam84dhj1k	378dcac6a3a4c406cc11e112b91a99e8m84dbjsa	t	t	Mohammed Tayibulla	contact2tayib@gmail.com	8550895486	CAIPT0727K	pending	completed	https://app1.leegality.com/sign/d8e2d210-61d9-4d3e-a94a-1d558275999f	active	2025-03-23 01:29:26.647+05:30	\N	\N	\N	pending	https://capture.kyc.idfy.com/v2/captures?t=-g5NAdz7WNDw	active	2025-04-02 18:05:36+05:30	f	\N	\N	f	\N	t	[{"profile_id": "58aa7b73-6f1d-47d6-a76b-cc4ff70c58e7", "v_kyc_link": "https://capture.kyc.idfy.com/v2/captures?t=nYIP4weBnC8b", "reference_id": "NIUM2-1742242639602", "attempt_number": 1, "v_kyc_link_status": "active", "v_kyc_link_expires": "2025-04-01T20:17:19.000Z"}, {"profile_id": "47b57a83-6b3d-40ea-a9ab-5f0acd4c04e2", "v_kyc_link": "https://capture.kyc.idfy.com/v2/captures?t=LNu5chzlIyJA", "reference_id": "NIUM2-1742242680065", "attempt_number": 2, "v_kyc_link_status": "active", "v_kyc_link_expires": "2025-04-01T20:17:59.000Z"}, {"profile_id": "9e8ce6e5-86cf-4136-9c55-691076d19ca5", "v_kyc_link": "https://capture.kyc.idfy.com/v2/captures?t=CPkiKRTClUC5", "reference_id": "NIUM2-1742243348587", "attempt_number": 3, "v_kyc_link_status": "pending", "v_kyc_link_expires": "2025-04-01T20:29:08.000Z"}, {"profile_id": "578a0451-d562-4ee6-8930-c41229364ed8", "v_kyc_link": "https://capture.kyc.idfy.com/v2/captures?t=XDgSOAdI3fO6", "reference_id": "NIUM2-1742244073784", "attempt_number": 4, "v_kyc_link_status": "active", "v_kyc_link_expires": "2025-04-01T20:41:13.000Z"}, {"profile_id": "7d268914-93e2-4fd9-9f5b-c551bf01fcc3", "v_kyc_link": "https://capture.kyc.idfy.com/v2/captures?t=-g5NAdz7WNDw", "reference_id": "NIUM2-1742301337519", "attempt_number": 5, "v_kyc_link_status": "active", "v_kyc_link_expires": "2025-04-02T12:35:36.000Z"}]	1dd73afa-be0b-47db-9515-b9ddb7fd3916	1dd73afa-be0b-47db-9515-b9ddb7fd3916	49592f43-c59f-4084-bf3a-79a7ba6f182e	{"url": "https://nium.thestorywallcafe.com/v1/api/documents/esign/NIUM2/merge_document_NIUM2.pdf", "size": 9017163, "mimeType": "application/pdf", "createdAt": "2025-03-21T12:07:47.494Z", "documentIds": ["14708a01-90be-4a02-8128-be1a4a8727e0"]}	2025-03-17 22:49:40.525+05:30	2025-03-21 17:37:47.494+05:30	01JPJV133ATRKE39GFNTEVWD5N	f8f9378e-45f4-4a60-a261-ea702deb92d8	NIUM2-1742301337519	7d268914-93e2-4fd9-9f5b-c551bf01fcc3	t	Doc OK	\N	INV-20240304001	\N	\N
\.


--
-- Data for Name: esigns; Type: TABLE DATA; Schema: public; Owner: postgres
--

COPY public.esigns (id, hashed_key, order_id, attempt_number, task_id, group_id, esign_file_details, esign_stamp_details, esign_invitees, esign_details, esign_doc_id, status, request_id, completed_at, esign_expiry, active, expired, rejected, result, esigners, file_details, request_details, esign_irn, esign_folder, esign_type, esign_url, esigner_email, esigner_phone, is_signed, type, "createdAt", "updatedAt", partner_order_id) FROM stdin;
cdde72e7-dcdc-4a45-ba56-c0471fbbfa69	9a2dd3452141c87621d0cf2ce11e4e58m8dhescs	ae455c41-46ab-4d77-8b1d-244b4ed4f503	1	NIUM2	1dd73afa-be0b-47db-9515-b9ddb7fd3916	{"file_name": "NIUM2", "esign_file": "https://docnest.s3.ap-south-1.amazonaws.com/NIUM2/merge_document_NIUM2.pdf?X-Amz-Algorithm=AWS4-HMAC-SHA256&X-Amz-Content-Sha256=UNSIGNED-PAYLOAD&X-Amz-Credential=AKIAQUFLQNGLQIKPAL6H%2F20250317%2Fap-south-1%2Fs3%2Faws4_request&X-Amz-Date=20250317T195245Z&X-Amz-Expires=3600&X-Amz-Signature=0a51bc655e7b224baebaa457d44042d77c25b05f97b6765580a1694284cdd15f&X-Amz-SignedHeaders=host&x-amz-checksum-mode=ENABLED&x-id=GetObject", "esign_fields": {"esign_fields": {}}, "esign_allow_fill": false, "esign_profile_id": "SWRN1iH", "esign_additional_files": []}	{"esign_stamp_value": "", "esign_series_group": "", "esign_stamp_series": ""}	[{"esigner_name": "Mohammed Tayibulla", "esigner_email": "contact2tayib@gmail.com", "esigner_phone": "8550895486", "aadhaar_esign_verification": {"aadhaar_yob": "", "aadhaar_gender": "", "aadhaar_pincode": ""}}]	{"status": "id_found", "esign_doc_id": "01JPJTN21FFTKXB64BACTDED7F", "esign_details": [{"esign_url": "https://app1.leegality.com/sign/f662d668-4abb-4bb5-8720-89700c8dcce7", "url_status": true, "esign_expiry": "2025-03-28T18:29:59Z", "esigner_name": "Mohammed Tayibulla", "esigner_email": "contact2tayib@gmail.com", "esigner_phone": "8550895486"}, {"esign_url": null, "url_status": false, "esign_expiry": null, "esigner_name": null, "esigner_email": null, "esigner_phone": null}], "esigner_details": null}	\N	completed	d6a900b0-b0df-4e25-8b9b-e80542698c8c	2025-03-18 01:22:52.484+05:30	\N	t	t	f	\N	[]	{"audit_file": "https://storage.idfy.com/d6a900b0-b0df-4e25-8b9b-e80542698c8c-auditfile.txt?Expires=1742327887&GoogleAccessId=api-gateway-prod%40idfy-1338.iam.gserviceaccount.com&Signature=Vjx0Cext45i1EtS0LIylTbFGm3VBa6CF%2Fi3ZCAZQLG73xUeEeD6i4z6U3uFPAYmJU9cKgj22V4LuefrLKr1V1TaOwA2yg4jVAcFe5EHSpeVX7S8J8Y5CFzeS1hAJgKjF%2FyTuImPcTVhfTiDblO9jgt2mJTobO9X0kH0Ve8mAk%2F8buaPZzH7tf60mV02CpztD7mK7LUk%2BmxxjKEXdvb4w7ST5JPhMucEGtk0hZBMB3JnoKsoRuwTgI%2BIUav76af%2Fhr%2FDtTV6pIua9HQIX%2FAfUGLXhKmmhVNfNMtkfZtdIfU%2BXCQFn%2B%2B9OiEtVyLFib89mZlsjkLvGp12pZs3H8iiQSA%3D%3D", "esign_file": ["https://storage.idfy.com/d6a900b0-b0df-4e25-8b9b-e80542698c8c-esign_file0.txt?Expires=1742327887&GoogleAccessId=api-gateway-prod%40idfy-1338.iam.gserviceaccount.com&Signature=VHJp3hfbKIvhRzZa3zk%2BCYfP7%2FhG5jLUGmR8Y8gXjbUnYEHbpPtLEC8SL3tViNS7xBxBYeHDS1yKYGqYVtdr36zt6EjT2xd3ZN1qex8I1Bd7DJGZ3zRMOzr5pWJ9DkpR9KeHXAu3edcWFDMvlikCsiwR92dBTfVDg7ogIsXNpXiPgXzQgjj5Cnuc3uXr2WjXFIydjBYp0W9HwynFebtcESwJT%2BXNc%2B%2FwhkYlS1MdAukPRBlHVfLPHx2u6KPqYNDnCRpjmHlU1iMfvdDjNkCULFZtZd85UnYmobJVdelqUhNvoUGuXTXEneKtVoQ08UoZPswOVOvwzw%2BnnF3kne7qLQ%3D%3D"]}	[{"esign_url": "https://app1.leegality.com/sign/f662d668-4abb-4bb5-8720-89700c8dcce7", "is_active": true, "is_signed": false, "esign_type": null, "is_expired": true, "expiry_date": "28-03-2025 23:59:59", "is_rejected": false, "esigner_name": "Mohammed Tayibulla", "esigner_email": "contact2tayib@gmail.com", "esigner_phone": "8550895486"}]	\N	\N	\N	https://app1.leegality.com/sign/f662d668-4abb-4bb5-8720-89700c8dcce7	contact2tayib@gmail.com	8550895486	f	\N	2025-03-18 01:22:52.49+05:30	2025-03-18 01:28:08.218+05:30	NIUM2
1026a492-fde2-4cb6-9e5a-f9d1c97afb14	a68ab8f76e16591bd0209ba1bcd02b92m8dhn8h0	ae455c41-46ab-4d77-8b1d-244b4ed4f503	2	NIUM2	1dd73afa-be0b-47db-9515-b9ddb7fd3916	{"file_name": "NIUM2", "esign_file": "https://docnest.s3.ap-south-1.amazonaws.com/NIUM2/merge_document_NIUM2.pdf?X-Amz-Algorithm=AWS4-HMAC-SHA256&X-Amz-Content-Sha256=UNSIGNED-PAYLOAD&X-Amz-Credential=AKIAQUFLQNGLQIKPAL6H%2F20250317%2Fap-south-1%2Fs3%2Faws4_request&X-Amz-Date=20250317T195922Z&X-Amz-Expires=3600&X-Amz-Signature=6e0c7de3702dbc4fc64c5d5df42c1170197e838a9e69faedee75154ada1dfd61&X-Amz-SignedHeaders=host&x-amz-checksum-mode=ENABLED&x-id=GetObject", "esign_fields": {"esign_fields": {}}, "esign_allow_fill": false, "esign_profile_id": "SWRN1iH", "esign_additional_files": []}	{"esign_stamp_value": "", "esign_series_group": "", "esign_stamp_series": ""}	[{"esigner_name": "Mohammed Tayibulla", "esigner_email": "contact2tayib@gmail.com", "esigner_phone": "8550895486", "aadhaar_esign_verification": {"aadhaar_yob": "", "aadhaar_gender": "", "aadhaar_pincode": ""}}]	{"status": "id_found", "esign_doc_id": "01JPJV133ATRKE39GFNTEVWD5N", "esign_details": [{"esign_url": "https://app1.leegality.com/sign/d8e2d210-61d9-4d3e-a94a-1d558275999f", "url_status": true, "esign_expiry": "2025-03-28T18:29:59Z", "esigner_name": "Mohammed Tayibulla", "esigner_email": "contact2tayib@gmail.com", "esigner_phone": "8550895486"}, {"esign_url": null, "url_status": false, "esign_expiry": null, "esigner_name": null, "esigner_email": null, "esigner_phone": null}], "esigner_details": null}	\N	completed	ebe9211c-56de-4843-8e02-be0f0abb2add	2025-03-18 01:29:26.627+05:30	\N	t	f	f	\N	[{"esigner_name": "Mohammed Tayibulla", "esigner_state": "Karnataka", "esigner_title": "5311", "esigner_pincode": "560045"}, {"esigner_name": "Mohammed Tayibulla", "esigner_state": "Karnataka", "esigner_title": "5311", "esigner_pincode": "560045"}, {"esigner_name": "Mohammed Tayibulla", "esigner_state": "Karnataka", "esigner_title": "5311", "esigner_pincode": "560045"}, {"esigner_name": "Mohammed Tayibulla", "esigner_state": "Karnataka", "esigner_title": "5311", "esigner_pincode": "560045"}, {"esigner_name": "Mohammed Tayibulla", "esigner_state": "Karnataka", "esigner_title": "5311", "esigner_pincode": "560045"}, {"esigner_name": "Mohammed Tayibulla", "esigner_state": "Karnataka", "esigner_title": "5311", "esigner_pincode": "560045"}, {"esigner_name": "Mohammed Tayibulla", "esigner_state": "Karnataka", "esigner_title": "5311", "esigner_pincode": "560045"}, {"esigner_name": "Mohammed Tayibulla", "esigner_state": "Karnataka", "esigner_title": "5311", "esigner_pincode": "560045"}, {"esigner_name": "Mohammed Tayibulla", "esigner_state": "Karnataka", "esigner_title": "5311", "esigner_pincode": "560045"}, {"esigner_name": "Mohammed Tayibulla", "esigner_state": "Karnataka", "esigner_title": "5311", "esigner_pincode": "560045"}, {"esigner_name": "Mohammed Tayibulla", "esigner_state": "Karnataka", "esigner_title": "5311", "esigner_pincode": "560045"}, {"esigner_name": "Mohammed Tayibulla", "esigner_state": "Karnataka", "esigner_title": "5311", "esigner_pincode": "560045"}, {"esigner_name": "Mohammed Tayibulla", "esigner_state": "Karnataka", "esigner_title": "5311", "esigner_pincode": "560045"}]	{"audit_file": "https://storage.idfy.com/ebe9211c-56de-4843-8e02-be0f0abb2add-auditfile.txt?Expires=1742328123&GoogleAccessId=api-gateway-prod%40idfy-1338.iam.gserviceaccount.com&Signature=iTu8TIzS6Vfe5VXCn72rn5na7l5Hx05LF7XQ2zpZZsFzl4u01tNYHsmoKlXZCunXmmZglvlc6317abdXxiviIgGBGUNLnbkumTetGObz8b4IuTzx%2FzVOEwVJIVm6a6eCuEgt58NHvUlOqIK7aANulWzLvv8Ma0t5y8DlUqf8ZtQlmsA%2FK8nny6BeDXLO4cpnIW%2B9eMzxhAQIpdMI4x%2Bbh1d8BREz7SS9GkUvox%2FT64cvrvSMpSoxu0SQTVOhhCqDqE6PQdYdh8nn0IiWlMstUBhZVguJge73tZGZV609ksUMtOhSwgFbrBomlZgfFGHssip35gBwUZapQpeiS1emfw%3D%3D", "esign_file": ["https://storage.idfy.com/ebe9211c-56de-4843-8e02-be0f0abb2add-esign_file0.txt?Expires=1742328123&GoogleAccessId=api-gateway-prod%40idfy-1338.iam.gserviceaccount.com&Signature=a%2FTy0tbors%2FfdX77jsudAX6cq0ZT32%2FWTdo4HjMPYgg%2Bf9lzOb5XMdxqwRcktuJ6L%2FXQvivOG4eA9AozRnN1RQO6m1EeagjW3511sF27Y7Tpg8nn9Pd0geeq8hHaYooCUy3Kxc1TeOlF%2BNisdPgwYwHLf%2BfAPgITO3Diu6%2F%2BSc1Gjb%2BGlP6CZGMdRZ6VFTVC11g3CBZq7fbDvGOo8rUtFH8KmELASvKu5M6lm0y1cN8Js8pv6OVuLO0YmCMCQs%2Bhh5f4bgOS9QmNZamKLdCJ0Gagvc9h%2Fjlgx6%2FUEidQenLF0JzASmeNsHTzrGGnSSC7%2FTNk542xbFg5XoWbOA8zOg%3D%3D"]}	[{"esign_url": "https://app1.leegality.com/sign/d8e2d210-61d9-4d3e-a94a-1d558275999f", "is_active": true, "is_signed": true, "esign_type": "AADHAAR", "is_expired": false, "expiry_date": "28-03-2025 23:59:59", "is_rejected": false, "esigner_name": "Mohammed Tayibulla", "esigner_email": "contact2tayib@gmail.com", "esigner_phone": "8550895486"}]	\N	\N	AADHAAR	https://app1.leegality.com/sign/d8e2d210-61d9-4d3e-a94a-1d558275999f	contact2tayib@gmail.com	8550895486	t	\N	2025-03-18 01:29:26.628+05:30	2025-03-18 01:32:04.004+05:30	NIUM2
9e15cef2-d77a-4cf6-a9c3-0e644ea086bf	471608555ed4717144763320d801e2bdm8e67bym	8e74254a-a2a5-4c07-8f90-7e76111b81c3	1	NIUM3	00eb04d0-646c-41d5-a69e-197b2b504f01	{"file_name": "NIUM3", "esign_file": "https://docnest.s3.ap-south-1.amazonaws.com/NIUM3/merge_document_NIUM3.pdf?X-Amz-Algorithm=AWS4-HMAC-SHA256&X-Amz-Content-Sha256=UNSIGNED-PAYLOAD&X-Amz-Credential=AKIAQUFLQNGLQIKPAL6H%2F20250318%2Fap-south-1%2Fs3%2Faws4_request&X-Amz-Date=20250318T072652Z&X-Amz-Expires=3600&X-Amz-Signature=ad19c6f02612f3ee9435230676aaaf2d487ba1dfee28f8f22b5bff9d988a16f2&X-Amz-SignedHeaders=host&x-amz-checksum-mode=ENABLED&x-id=GetObject", "esign_fields": {"esign_fields": {}}, "esign_allow_fill": false, "esign_profile_id": "SWRN1iH", "esign_additional_files": []}	{"esign_stamp_value": "", "esign_series_group": "", "esign_stamp_series": ""}	[{"esigner_name": "Mohammed Tayibulla", "esigner_email": "contact2tayib@gmail.com", "esigner_phone": "8550895486", "aadhaar_esign_verification": {"aadhaar_yob": "", "aadhaar_gender": "", "aadhaar_pincode": ""}}]	{"status": "Success", "esign_doc_id": "01JPM2BX2PV3PF2GMYYN9CDA69", "esign_details": [{"esign_url": "https://app1.leegality.com/sign/d72f100c-066e-44f1-addf-ca1f28b568a8", "url_status": true, "esign_expiry": "2025-03-28T18:29:59Z", "esigner_name": "Mohammed Tayibulla", "esigner_email": "contact2tayib@gmail.com", "esigner_phone": "8550895486"}, {"esign_url": null, "url_status": false, "esign_expiry": null, "esigner_name": null, "esigner_email": null, "esigner_phone": null}], "esigner_details": null}	\N	completed	058263aa-b842-41be-b8b0-8e04417da0c9	2025-03-18 12:56:55.051+05:30	\N	t	f	f	\N	\N	\N	\N	\N	\N	\N	\N	\N	\N	f	\N	2025-03-18 12:56:55.053+05:30	2025-03-18 12:56:55.053+05:30	NIUM3
5bff6dbf-78d5-4f04-b517-c68ca16fc21f	6387a5e7ccaedc7ab0a3a1b948cf1cadm8grddiz	f19fcda4-e4f9-409d-b2ef-391e72319d21	1	KARTHIK1	00eb04d0-646c-41d5-a69e-197b2b504f01	{"file_name": "KARTHIK1", "esign_file": "https://docnest.s3.ap-south-1.amazonaws.com/KARTHIK1/merge_document_KARTHIK1.pdf?X-Amz-Algorithm=AWS4-HMAC-SHA256&X-Amz-Content-Sha256=UNSIGNED-PAYLOAD&X-Amz-Credential=AKIAQUFLQNGLQIKPAL6H%2F20250320%2Fap-south-1%2Fs3%2Faws4_request&X-Amz-Date=20250320T025500Z&X-Amz-Expires=3600&X-Amz-Signature=ac7823c4f2ba2078f9dbeeca5e8c4b6e7ce4fbfac41b22d3bc8445fdc4ce9755&X-Amz-SignedHeaders=host&x-amz-checksum-mode=ENABLED&x-id=GetObject", "esign_fields": {"esign_fields": {}}, "esign_allow_fill": false, "esign_profile_id": "SWRN1iH", "esign_additional_files": []}	{"esign_stamp_value": "", "esign_series_group": "", "esign_stamp_series": ""}	[{"esigner_name": "Mohammed Tayibulla", "esigner_email": "reach2tayib@gmail.com", "esigner_phone": "8550895486", "aadhaar_esign_verification": {"aadhaar_yob": "", "aadhaar_gender": "", "aadhaar_pincode": ""}}]	{"status": "id_found", "esign_doc_id": "01JPRQKFQYXF3KX7ZTTF6YEPAJ", "esign_details": [{"esign_url": "https://app1.leegality.com/sign/621352dd-6472-488e-abd6-e9c8d43f5c15", "url_status": true, "esign_expiry": "2025-03-30T18:29:59Z", "esigner_name": "Mohammed Tayibulla", "esigner_email": "reach2tayib@gmail.com", "esigner_phone": "8550895486"}, {"esign_url": null, "url_status": false, "esign_expiry": null, "esigner_name": null, "esigner_email": null, "esigner_phone": null}], "esigner_details": null}	\N	completed	0cae21b5-c34b-440b-8fec-1262995d79df	2025-03-20 08:25:01.306+05:30	\N	t	f	f	\N	[]	{"audit_file": "https://storage.idfy.com/0cae21b5-c34b-440b-8fec-1262995d79df-auditfile.txt?Expires=1742525726&GoogleAccessId=api-gateway-prod%40idfy-1338.iam.gserviceaccount.com&Signature=k%2F1ZBSWE0UPYj0qLPhRfoTP2HzO8MR08Uyl8UZ5iQt40dKiQBwHtTLxztKm2NbLoHWhP6cch4NgLvFqYo9513E1YskjpsOUbl6RFaHNciL6EdZ5jsHtrTOvtmPxEZ%2FGkunPaq4eVhoLvhQP4GFr7E5P0gnnXR2SBLF%2F%2F%2FyzzCT064sxyZhUOiXCbPTqgUE57Io7FimDz7C0OBOhXOl7GclbjU%2F7nRQbpVfn8%2BVwPogC9wBrICWQnr5T61FPVIPolPs28EHdxNNU9Ep6StELdoA7XK0Z%2FdbLKLEmcYDPwKvjdsU5GBaBhsV3QD1dsGs0AnI9XdhDZN4VxwurFgG45cA%3D%3D", "esign_file": ["https://storage.idfy.com/0cae21b5-c34b-440b-8fec-1262995d79df-esign_file0.txt?Expires=1742525726&GoogleAccessId=api-gateway-prod%40idfy-1338.iam.gserviceaccount.com&Signature=mEGiIV8AdQ3K65MFYKEXjTpXwM4t5vm4G3ie1qWYP0bHzsi1UwuylBmmSYlZLubPgiL6LJ%2F3cqvLIxhEGy0LppUk4f8sI5iLVqBGg24n2ASYnR0ngnoI%2F5b%2FK6KP%2BAAJG%2FYRQmk6dZrfgmCU3k%2BW3lMN29hl%2FOGRqb97YlRF83uybOWwb2Xjte8BAOIKg9YctA3rZ67hS6bDnRXS0yvizh%2BtHoWgHl%2Fo27XDocgQIySSzQUT3jSPf%2F2qUIzT7NSBR2eZsJ%2B844i3MBWeSwHb%2Br22GGcpH8qVdyWOltxv%2Fh%2FcQFtoQQ%2FKoz%2B0cwheBzpTKLto%2FFc1qkmm%2BeBFfnsqCQ%3D%3D"]}	[{"esign_url": "https://app1.leegality.com/sign/621352dd-6472-488e-abd6-e9c8d43f5c15", "is_active": true, "is_signed": false, "esign_type": null, "is_expired": false, "expiry_date": "30-03-2025 23:59:59", "is_rejected": false, "esigner_name": "Mohammed Tayibulla", "esigner_email": "reach2tayib@gmail.com", "esigner_phone": "8550895486"}]	\N	\N	\N	https://app1.leegality.com/sign/621352dd-6472-488e-abd6-e9c8d43f5c15	reach2tayib@gmail.com	8550895486	f	\N	2025-03-20 08:25:01.307+05:30	2025-03-20 08:25:26.828+05:30	KARTHIK1
063acbc8-c4d2-4d75-9415-76b96ab3aaaf	47ac98aaef9f6331c4b292234995a657m8e6dhix	8e74254a-a2a5-4c07-8f90-7e76111b81c3	2	NIUM3	00eb04d0-646c-41d5-a69e-197b2b504f01	{"file_name": "NIUM3", "esign_file": "https://docnest.s3.ap-south-1.amazonaws.com/NIUM3/merge_document_NIUM3.pdf?X-Amz-Algorithm=AWS4-HMAC-SHA256&X-Amz-Content-Sha256=UNSIGNED-PAYLOAD&X-Amz-Credential=AKIAQUFLQNGLQIKPAL6H%2F20250318%2Fap-south-1%2Fs3%2Faws4_request&X-Amz-Date=20250318T073139Z&X-Amz-Expires=3600&X-Amz-Signature=39e97a269bb6942968f4f4b9cd56def2c7c5d1a6c14be027d47a4b46f2d57e5d&X-Amz-SignedHeaders=host&x-amz-checksum-mode=ENABLED&x-id=GetObject", "esign_fields": {"esign_fields": {}}, "esign_allow_fill": false, "esign_profile_id": "SWRN1iH", "esign_additional_files": []}	{"esign_stamp_value": "", "esign_series_group": "", "esign_stamp_series": ""}	[{"esigner_name": "Mohammed Tayibulla", "esigner_email": "contact2tayib@gmail.com", "esigner_phone": "8550895486", "aadhaar_esign_verification": {"aadhaar_yob": "", "aadhaar_gender": "", "aadhaar_pincode": ""}}]	{"status": "id_found", "esign_doc_id": "01JPM2MNKM6H73ZN48XYCD661Q", "esign_details": [{"esign_url": "https://app1.leegality.com/sign/9ca05c27-b7cb-4dbd-8f8d-838e7ce931a6", "url_status": true, "esign_expiry": "2025-03-28T18:29:59Z", "esigner_name": "Mohammed Tayibulla", "esigner_email": "contact2tayib@gmail.com", "esigner_phone": "8550895486"}, {"esign_url": null, "url_status": false, "esign_expiry": null, "esigner_name": null, "esigner_email": null, "esigner_phone": null}], "esigner_details": null}	\N	completed	3cb75549-1c53-4fef-98b1-dd0574198188	2025-03-18 13:01:42.199+05:30	\N	t	f	f	\N	[{"esigner_name": "Mohammed Tayibulla", "esigner_state": "Karnataka", "esigner_title": "5311", "esigner_pincode": "560045"}, {"esigner_name": "Mohammed Tayibulla", "esigner_state": "Karnataka", "esigner_title": "5311", "esigner_pincode": "560045"}, {"esigner_name": "Mohammed Tayibulla", "esigner_state": "Karnataka", "esigner_title": "5311", "esigner_pincode": "560045"}, {"esigner_name": "Mohammed Tayibulla", "esigner_state": "Karnataka", "esigner_title": "5311", "esigner_pincode": "560045"}, {"esigner_name": "Mohammed Tayibulla", "esigner_state": "Karnataka", "esigner_title": "5311", "esigner_pincode": "560045"}, {"esigner_name": "Mohammed Tayibulla", "esigner_state": "Karnataka", "esigner_title": "5311", "esigner_pincode": "560045"}, {"esigner_name": "Mohammed Tayibulla", "esigner_state": "Karnataka", "esigner_title": "5311", "esigner_pincode": "560045"}, {"esigner_name": "Mohammed Tayibulla", "esigner_state": "Karnataka", "esigner_title": "5311", "esigner_pincode": "560045"}, {"esigner_name": "Mohammed Tayibulla", "esigner_state": "Karnataka", "esigner_title": "5311", "esigner_pincode": "560045"}, {"esigner_name": "Mohammed Tayibulla", "esigner_state": "Karnataka", "esigner_title": "5311", "esigner_pincode": "560045"}, {"esigner_name": "Mohammed Tayibulla", "esigner_state": "Karnataka", "esigner_title": "5311", "esigner_pincode": "560045"}, {"esigner_name": "Mohammed Tayibulla", "esigner_state": "Karnataka", "esigner_title": "5311", "esigner_pincode": "560045"}]	{"audit_file": "https://storage.idfy.com/3cb75549-1c53-4fef-98b1-dd0574198188-auditfile.txt?Expires=1742387272&GoogleAccessId=api-gateway-prod%40idfy-1338.iam.gserviceaccount.com&Signature=mnbHOehVjJ%2BkjZ8x00PE15Qg33Kv1YWewzgiSrakNNKxSdq2yl2IfNuq5W%2BcoDXuPuxDkgLTxTatKU12tM2393yKfqh9QtlPgVn0XEGm1vrrMaeRL%2F9kveUkhtY%2BXlhm0C4sCKj9ICJZcfVf0iRo9ZzqV6s%2BM1iS5IU%2BWHdearPswiQrIk61WIxxtO7cSHNxkyUL6jo10Nrw28W7bJ%2BTmPAGc7gW%2BrIBNiwLxcP%2B67%2BoWfFZSyh9M019xj22eAd20t1hR2kpXtPeJgC7xPN%2B97K8RrlMV9%2BDDWsqboq57UlJjh37eIQxzxOZNUu3Px9pZJ2QECwOMd0vHUraI29ErQ%3D%3D", "esign_file": ["https://storage.idfy.com/3cb75549-1c53-4fef-98b1-dd0574198188-esign_file0.txt?Expires=1742387272&GoogleAccessId=api-gateway-prod%40idfy-1338.iam.gserviceaccount.com&Signature=ZVYy4BbRDZVmt2HfhQGVU7Qo8HrNMLuQ8Gj2ph0pwFbjh%2BaqgDTP4lLeQlvyj6w6wma9CqzhBCZEcob5SqLOrdfSLFJFM41niJx7cmrc%2Fz5ke4WpabYJdzimotp9KRkgexz9kwhZjafDMph79SBQIxOHy5f5pN%2Fq3C6TZKYMBTp%2FuQZqbX21MvFvKk65v%2FNUgoGcM32rLbIdsaQTxkWFxcRJ%2FQQHomDdwf7FJnFefmgO4PHAY6xrrUgGKZjs5%2FQVQiHm1J%2BAXty9LGhO9P95eFI4jnprouf5fTkq8eCgsqSabuRmtC8RFs8FTPSFB%2BcY8XMdWfx9HzAPsq6jHQxdOg%3D%3D"]}	[{"esign_url": "https://app1.leegality.com/sign/9ca05c27-b7cb-4dbd-8f8d-838e7ce931a6", "is_active": true, "is_signed": true, "esign_type": "AADHAAR", "is_expired": false, "expiry_date": "28-03-2025 23:59:59", "is_rejected": false, "esigner_name": "Mohammed Tayibulla", "esigner_email": "contact2tayib@gmail.com", "esigner_phone": "8550895486"}]	\N	\N	AADHAAR	https://app1.leegality.com/sign/9ca05c27-b7cb-4dbd-8f8d-838e7ce931a6	contact2tayib@gmail.com	8550895486	t	\N	2025-03-18 13:01:42.2+05:30	2025-03-18 17:57:53.513+05:30	NIUM3
f8691409-b254-4de0-93aa-be1ed4c0348d	8dc6c14b6aaa99dcdc8d9560cb797aaam8hh64wr	f19fcda4-e4f9-409d-b2ef-391e72319d21	3	KARTHIK1	00eb04d0-646c-41d5-a69e-197b2b504f01	{"file_name": "KARTHIK1", "esign_file": "https://docnest.s3.ap-south-1.amazonaws.com/KARTHIK1/merge_document_KARTHIK1.pdf?X-Amz-Algorithm=AWS4-HMAC-SHA256&X-Amz-Content-Sha256=UNSIGNED-PAYLOAD&X-Amz-Credential=AKIAQUFLQNGLQIKPAL6H%2F20250320%2Fap-south-1%2Fs3%2Faws4_request&X-Amz-Date=20250320T145706Z&X-Amz-Expires=3600&X-Amz-Signature=edf57ff72bbd102006b9124da050213c980e67959c09b2be681b8cdb9167aacc&X-Amz-SignedHeaders=host&x-amz-checksum-mode=ENABLED&x-id=GetObject", "esign_fields": {"esign_fields": {}}, "esign_allow_fill": false, "esign_profile_id": "SWRN1iH", "esign_additional_files": []}	{"esign_stamp_value": "", "esign_series_group": "", "esign_stamp_series": ""}	[{"esigner_name": "Mohammed Tayibulla", "esigner_email": "reach2tayib@gmail.com", "esigner_phone": "8550895486", "aadhaar_esign_verification": {"aadhaar_yob": "", "aadhaar_gender": "", "aadhaar_pincode": ""}}]	{"status": "id_found", "esign_doc_id": "01JPT0XWRG5K1PC2S3FWWPYKD3", "esign_details": [{"esign_url": "https://app1.leegality.com/sign/14207a52-3a8b-45e8-951e-6d9ca63a40a7", "url_status": true, "esign_expiry": "2025-03-30T18:29:59Z", "esigner_name": "Mohammed Tayibulla", "esigner_email": "reach2tayib@gmail.com", "esigner_phone": "8550895486"}, {"esign_url": null, "url_status": false, "esign_expiry": null, "esigner_name": null, "esigner_email": null, "esigner_phone": null}], "esigner_details": null}	\N	completed	70b1f8bd-6447-4d7e-97af-6361160f2b41	2025-03-20 20:27:13.559+05:30	\N	t	f	f	\N	[]	{"audit_file": "https://storage.idfy.com/70b1f8bd-6447-4d7e-97af-6361160f2b41-auditfile.txt?Expires=1742570882&GoogleAccessId=api-gateway-prod%40idfy-1338.iam.gserviceaccount.com&Signature=VMlmoTw3uyzhakvqltmnp8hZPHrEb4dWK3a4zV55kzqPc4SXjNb9GpnBuWq085I7ik8Pl3w%2Fn0HAgrUxRAWKy3q7A3xk1vpZNximCs0HGQrKA%2FsAQP9hilDDPkUoJGJyPsvvttYkXh6C3tgoiw1GrFBL6FVG5%2B%2FBLzUCvNb6W6UJC3qHQxM50qT%2FEknidSmwLLLe3M3lJfBcWSD8UbIe6Sb19SsdKWRTSV4zcKtXCjF0WDTKLieqCdP0uX%2BjgsaC6dxsQ2PTuOEN3WYE1lCmnZsFPZTvoq%2B0nbTn33UBBc8wvV4QaMw1A%2BkEBMcsK3TlGxyO9vwufScAhDSU8AZGWQ%3D%3D", "esign_file": ["https://storage.idfy.com/70b1f8bd-6447-4d7e-97af-6361160f2b41-esign_file0.txt?Expires=1742570882&GoogleAccessId=api-gateway-prod%40idfy-1338.iam.gserviceaccount.com&Signature=jLVA0D%2BtofMUypZ4CUkfVAetfLgFTPoHR8msONLPiNKE7HAIsYUaqGJOOa%2FR5qc79%2F6arp6dwLy71stsF20MYcd3a2BowevGmC9BRq%2B6c160TU4XN7sizSsgSsSfnuMo%2F2uMSeWsJaoDURnyVTrqv%2FPTN7B4BQOUEuzlmXrwh7r2L0Kl8HpvEQLsx18ppt20%2FK8qQLja3BLHd9oyZdXxONur6gSnBS5dAHnX2fABJ4jfbFn5KxvWE6%2FTENU7W5GXZRmS17rAeY1owBcnujj1Y0ZYwgIKw%2BEuzA9RUOA6XLjOZiEk6%2FBw9N7FxS5sHAonWohCJMuyPUeCBvXctFaOcQ%3D%3D"]}	[{"esign_url": "https://app1.leegality.com/sign/14207a52-3a8b-45e8-951e-6d9ca63a40a7", "is_active": true, "is_signed": false, "esign_type": null, "is_expired": false, "expiry_date": "30-03-2025 23:59:59", "is_rejected": false, "esigner_name": "Mohammed Tayibulla", "esigner_email": "reach2tayib@gmail.com", "esigner_phone": "8550895486"}]	\N	\N	\N	https://app1.leegality.com/sign/14207a52-3a8b-45e8-951e-6d9ca63a40a7	reach2tayib@gmail.com	8550895486	f	\N	2025-03-20 20:27:13.562+05:30	2025-03-20 20:58:02.538+05:30	KARTHIK1
21c99e8f-2d06-4ddc-b04a-76cf13fb2736	a3758756cd6ac4ee27644e7d936f2ad8m8gscel3	f19fcda4-e4f9-409d-b2ef-391e72319d21	2	KARTHIK1	00eb04d0-646c-41d5-a69e-197b2b504f01	{"file_name": "KARTHIK1", "esign_file": "https://docnest.s3.ap-south-1.amazonaws.com/KARTHIK1/merge_document_KARTHIK1.pdf?X-Amz-Algorithm=AWS4-HMAC-SHA256&X-Amz-Content-Sha256=UNSIGNED-PAYLOAD&X-Amz-Credential=AKIAQUFLQNGLQIKPAL6H%2F20250320%2Fap-south-1%2Fs3%2Faws4_request&X-Amz-Date=20250320T032214Z&X-Amz-Expires=3600&X-Amz-Signature=e451ffc9aeb738aa7d7d27d9065e68a1af66288b3581bbb14e35771fa711f38a&X-Amz-SignedHeaders=host&x-amz-checksum-mode=ENABLED&x-id=GetObject", "esign_fields": {"esign_fields": {}}, "esign_allow_fill": false, "esign_profile_id": "SWRN1iH", "esign_additional_files": []}	{"esign_stamp_value": "", "esign_series_group": "", "esign_stamp_series": ""}	[{"esigner_name": "Mohammed Tayibulla", "esigner_email": "reach2tayib@gmail.com", "esigner_phone": "8550895486", "aadhaar_esign_verification": {"aadhaar_yob": "", "aadhaar_gender": "", "aadhaar_pincode": ""}}]	{"status": "id_found", "esign_doc_id": "01JPRS5BKW0B7YJDS73VAZJ04M", "esign_details": [{"esign_url": "https://app1.leegality.com/sign/a9921cec-09ce-4894-a281-8bee4b93739f", "url_status": true, "esign_expiry": "2025-03-30T18:29:59Z", "esigner_name": "Mohammed Tayibulla", "esigner_email": "reach2tayib@gmail.com", "esigner_phone": "8550895486"}, {"esign_url": null, "url_status": false, "esign_expiry": null, "esigner_name": null, "esigner_email": null, "esigner_phone": null}], "esigner_details": null}	\N	completed	4c218cd4-b360-4f59-a28e-9fce3e406d2a	2025-03-20 08:52:15.638+05:30	\N	t	f	f	\N	[]	{"audit_file": "https://storage.idfy.com/4c218cd4-b360-4f59-a28e-9fce3e406d2a-auditfile.txt?Expires=1742568879&GoogleAccessId=api-gateway-prod%40idfy-1338.iam.gserviceaccount.com&Signature=ASXJu1621O%2BHdG8WVZiv68kNy4%2BWzmXHerimpYa%2BMv8CbvyZ%2F53eAsvRzzlA%2Fq7S3a9g3Z1u1qPhTzF%2B3gZPgQ6Fzqdykk4U%2FF33LLPsuAU5fQsww0UWDEFo3IuJrX%2FvJCtIZ4zX4XVm9eRmzjUmGyOwX0mB0395N835XrlHGIsUGpaYU4ghnucZSuPnaTe9GgPzUr3VCribCeYGBT%2BieOV%2Bd23XNbMlEb%2BFuo6YDWejd6%2B8kzyLB8Yqi%2BTUo6VkyAaJKCTgg%2FiBBbJfcoBPLG9rR0WEY60rBl1O6jPQQ9%2FdWgev6UIewNahjuZHHp2%2FLJKFcPh%2BjfEu%2BJCCaoey%2Bg%3D%3D", "esign_file": ["https://storage.idfy.com/4c218cd4-b360-4f59-a28e-9fce3e406d2a-esign_file0.txt?Expires=1742568879&GoogleAccessId=api-gateway-prod%40idfy-1338.iam.gserviceaccount.com&Signature=W0%2BnM1LovU8oA8lSrlUv2lEgS1xr27qmX1HC5BWWN1SRcS0oo2%2BdCz5UmySiTl%2FhGFvKUrn6jKjTwd7rlup9WKUD4z6i3ZxUV2CPR5KEdE1%2BxpCAnm2NmY2qigMCzHb7icsW2yan9Hyymge77D0QFHccJ0ckATydJ7SmWPQhpzVQEsfMQ%2Bjls93AF02jJdj1BjHujKIvFiPlFSUndCbMpMV0mzj8ZTt03VIlyTR7IZKsm2cKIB8NTRjhq%2FQ8JSOlPAtwGuKe7TXCo9MOqkQLMPn%2BNIlzYB1T%2BX91jfTUKvL1t5N2xC%2FCQYpz18LkC7HIx8l3GNT%2F5dEG8ReB8dI59Q%3D%3D"]}	[{"esign_url": "https://app1.leegality.com/sign/a9921cec-09ce-4894-a281-8bee4b93739f", "is_active": true, "is_signed": false, "esign_type": null, "is_expired": false, "expiry_date": "30-03-2025 23:59:59", "is_rejected": false, "esigner_name": "Mohammed Tayibulla", "esigner_email": "reach2tayib@gmail.com", "esigner_phone": "8550895486"}]	\N	\N	\N	https://app1.leegality.com/sign/a9921cec-09ce-4894-a281-8bee4b93739f	reach2tayib@gmail.com	8550895486	f	\N	2025-03-20 08:52:15.639+05:30	2025-03-20 20:24:39.679+05:30	KARTHIK1
33a33944-7b98-4ade-9b58-23269af5bc22	ef9a33c52c9649333a3c41e60953caacm88maobp	c2045ec7-c400-48ff-b1d1-c6fa0c976436	1	NIUMORDERID001	00eb04d0-646c-41d5-a69e-197b2b504f01	{"file_name": "NIUMORDERID001-file", "esign_file": "https://fibregridstorage.blr1.digitaloceanspaces.com/Fibregrid_projects/FY_25-26/NIUM/NIUM-NODE_NIU_25-26_01_[Ekfrazo]/stage 4/PDF Files/merged_1741857821406_part1.pdf", "esign_fields": {"esign_fields": {}}, "esign_allow_fill": false, "esign_profile_id": "SWRN1iH", "esign_additional_files": []}	{"esign_stamp_value": "", "esign_series_group": "", "esign_stamp_series": ""}	[{"esigner_name": "Mohammed Tayibulla", "esigner_email": "contact2tayib@gmail.com", "esigner_phone": "8550895486", "aadhaar_esign_verification": {"aadhaar_yob": "", "aadhaar_gender": "", "aadhaar_pincode": ""}}]	{"status": "id_found", "esign_doc_id": "01JPA2521S5TWBTKB1483098QD", "esign_details": [{"esign_url": "https://app1.leegality.com/sign/5531f43b-00f4-4736-a0b8-fc153ae41d20", "url_status": true, "esign_expiry": "2025-03-24T18:29:59Z", "esigner_name": "Mohammed Tayibulla", "esigner_email": "contact2tayib@gmail.com", "esigner_phone": "8550895486"}, {"esign_url": null, "url_status": false, "esign_expiry": null, "esigner_name": null, "esigner_email": null, "esigner_phone": null}], "esigner_details": null}	\N	completed	87427961-a856-490e-84b3-d42a8497829a	2025-03-14 15:40:47.843+05:30	\N	t	f	f	\N	[{"esigner_name": "Mohammed Tayibulla", "esigner_state": "Karnataka", "esigner_title": "5311", "esigner_pincode": "560045"}]	{"audit_file": "https://storage.idfy.com/87427961-a856-490e-84b3-d42a8497829a-auditfile.txt?Expires=1742637759&GoogleAccessId=api-gateway-prod%40idfy-1338.iam.gserviceaccount.com&Signature=bZJK7K0BrDJgxqnnju0wB8YUQCq43cYcfiuXM2vNhrZv3pK2Nn3QLTQ5kB0EvZjaxLxzTpH%2B3i3yoxQPNjDilPhsJUCKyn9smNGjZfqOPdJYlRR1UWUTs2dJMcFvia%2BazVLo4QLb%2FNQeFI9NqbqHZRk0XRuWM75qEB4B2Rj1oahMuRjhdPOMKB8%2FlAJi8sM%2F6iY9je3tRKYI8ngJZXUlWDhYTt2xNNtPg7dxIy5iUKuok41%2Bl30R6DOS0z9xSzFLgzE0kKQHXBTVptlY4nqaOwAyz6QM4WPO7TWyNhvSGmFYF5vEqdyP4paOJIh2VYw%2FMwYQddYit%2FOa9QNZtBX4Mw%3D%3D", "esign_file": ["https://storage.idfy.com/87427961-a856-490e-84b3-d42a8497829a-esign_file0.txt?Expires=1742637759&GoogleAccessId=api-gateway-prod%40idfy-1338.iam.gserviceaccount.com&Signature=UR0lGpc4%2B8V38aVb36OO7XFK8Q%2BdzWliyKsLj2ypFmFRXSNGHAr%2BUedH17fe4HmPFZg7aOxZI00tn0VUtC14z0B38H57pDaDOwM1xu235Om%2BkNRr9hQSfRyuVuA79Q%2FohU5MYSCEdKpXi9Il46uo2oh76DbVGxJz6eQIBn6LCYc%2BqITrNA5cM9DsWexcgVkj64xCcNPAm2BytAe1n0guujuCJeX2EfaYGsjSd%2Ba%2BbrfqCxhnOc3VhSyY8PmleRHdmhb2Ym2bxF9RAdcYzQ7HpRHot0Nsun3KbEO4cwSWEKEDKAli4%2Fw9fIjHFKjscPKbDg3ryVMeGOXzzq5b9nhUBQ%3D%3D"]}	[{"esign_url": "https://app1.leegality.com/sign/5531f43b-00f4-4736-a0b8-fc153ae41d20", "is_active": true, "is_signed": true, "esign_type": "AADHAAR", "is_expired": false, "expiry_date": "24-03-2025 23:59:59", "is_rejected": false, "esigner_name": "Mohammed Tayibulla", "esigner_email": "contact2tayib@gmail.com", "esigner_phone": "8550895486"}]	\N	\N	AADHAAR	https://app1.leegality.com/sign/5531f43b-00f4-4736-a0b8-fc153ae41d20	contact2tayib@gmail.com	8550895486	t	\N	2025-03-14 15:40:47.844+05:30	2025-03-21 15:32:40.421+05:30	NIUMORDERID001
\.


--
-- Data for Name: partner_products; Type: TABLE DATA; Schema: public; Owner: postgres
--

COPY public.partner_products (id, partner_id, product_id, "createdAt", "updatedAt", hashed_key) FROM stdin;
4	2c0297cc-9bb6-4a94-b172-a0514ace31a7	00ff8a2a-e578-4993-8c46-4d0341e3b62d	2025-03-09 14:17:40.203+05:30	2025-03-09 14:17:40.203+05:30	569426e01a377cd0f796eb4109cf182c-1741685968.869119
5	00eb04d0-646c-41d5-a69e-197b2b504f01	00ff8a2a-e578-4993-8c46-4d0341e3b62d	2025-03-09 14:24:59.558+05:30	2025-03-09 14:24:59.558+05:30	75b46acd8eee484c59dfbdba1e905ac1-1741685968.869119
6	a3f3772b-2e64-4fc0-850a-bab1460f7b19	00ff8a2a-e578-4993-8c46-4d0341e3b62d	2025-03-09 14:29:18.3+05:30	2025-03-09 14:29:18.3+05:30	2e643f08da055aabbed3ef68bbd9e6ce-1741685968.869119
7	5d9b80ed-2a99-44a6-9778-ed4465793ec8	00ff8a2a-e578-4993-8c46-4d0341e3b62d	2025-03-09 14:41:29.986+05:30	2025-03-09 14:41:29.986+05:30	98b909ba395275941405c4c507388498-1741685968.869119
8	962b213b-e5ce-4e2b-9468-31e3951c2ef1	00ff8a2a-e578-4993-8c46-4d0341e3b62d	2025-03-09 16:14:29.634+05:30	2025-03-09 16:14:29.634+05:30	7fc0987c11b8b37d44965e0095869120-1741685968.869119
10	d1caed18-0331-4f33-9b6d-604edd177fec	ce78ce24-269f-4aac-801e-479b697391e6	2025-03-16 11:11:11.153+05:30	2025-03-16 11:11:11.153+05:30	aa01c3a385550a9d4dff346f2d73a329-1742103671.136256
11	d1caed18-0331-4f33-9b6d-604edd177fec	00ff8a2a-e578-4993-8c46-4d0341e3b62d	2025-03-16 11:12:12.187+05:30	2025-03-16 11:12:12.187+05:30	f8769bb21c7a61d9a681ecc19baa8341-1742103732.178183
12	1dd73afa-be0b-47db-9515-b9ddb7fd3916	00ff8a2a-e578-4993-8c46-4d0341e3b62d	2025-03-17 14:53:59.978+05:30	2025-03-17 14:53:59.978+05:30	8e79a1927b6ecdef027e734358308d0f-1742203439.896966
\.


--
-- Data for Name: products; Type: TABLE DATA; Schema: public; Owner: postgres
--

COPY public.products (id, name, description, is_active, created_by, updated_by, "createdAt", "updatedAt", hashed_key) FROM stdin;
00ff8a2a-e578-4993-8c46-4d0341e3b62d	Card	\N	t	\N	\N	2025-03-09 12:47:36.531+05:30	2025-03-09 12:47:36.531+05:30	20bd709f0814c92e3853176dcacb3e4299cfa065d89af435355ef556cb05a497
ce78ce24-269f-4aac-801e-479b697391e6	Remittance	remittance	t	\N	\N	2025-03-09 12:54:45.497+05:30	2025-03-16 09:34:18.733+05:30	15fb9ecf869291623b400d758a0348fb5e7750dbb1b04526254a8748c8e321b9
\.


--
-- Data for Name: purposes; Type: TABLE DATA; Schema: public; Owner: postgres
--

COPY public.purposes (id, hashed_key, purpose_name, is_active, created_at, updated_at, created_by, updated_by) FROM stdin;
fb918f12-72d0-4626-8a30-643e9a782f32	d24af0f48aaaa64bb171c15891e4cbe5m84dbcyq	BTQ	t	2025-03-11 16:18:18.529+05:30	2025-03-11 16:18:18.53+05:30	83d23fad-6a07-418d-a9ff-34d7d1cb5e7d	83d23fad-6a07-418d-a9ff-34d7d1cb5e7d
a39458db-b5ac-4eeb-ac94-086ae36e8a4e	378dcac6a3a4c406cc11e112b91a99e8m84dbjsa	TQ	t	2025-03-11 16:18:27.369+05:30	2025-03-11 16:18:27.37+05:30	83d23fad-6a07-418d-a9ff-34d7d1cb5e7d	83d23fad-6a07-418d-a9ff-34d7d1cb5e7d
\.


--
-- Data for Name: transaction_type; Type: TABLE DATA; Schema: public; Owner: postgres
--

COPY public.transaction_type (id, hashed_key, name, is_active, created_at, updated_at, created_by, updated_by) FROM stdin;
203fa4e8-ab6f-4283-9e97-90def49b5e8e	a8712d83154b960b9d3803d30b1112cam84dhj1k	CARD LOAD	t	2025-03-11 16:23:06.341+05:30	2025-03-11 16:23:06.343+05:30	83d23fad-6a07-418d-a9ff-34d7d1cb5e7d	83d23fad-6a07-418d-a9ff-34d7d1cb5e7d
daa8b29d-8116-4b28-adaf-72b8b518f033	699b45d10f06c091f85c69f38fc2e4d3m84dhonm	CARD RELOAD	t	2025-03-11 16:23:13.617+05:30	2025-03-11 16:23:13.618+05:30	83d23fad-6a07-418d-a9ff-34d7d1cb5e7d	83d23fad-6a07-418d-a9ff-34d7d1cb5e7d
eb55997a-f88c-4006-a36e-ae357485fe4d	06c14db0452cfb8f3cee19458de9f789m84dhus0	CARD ENCASHMENT	t	2025-03-11 16:23:21.551+05:30	2025-03-11 16:23:21.552+05:30	83d23fad-6a07-418d-a9ff-34d7d1cb5e7d	83d23fad-6a07-418d-a9ff-34d7d1cb5e7d
d86c1aa9-b2fb-4f95-b3a5-dfbf998984dc	c22459a6435548ab8313b0b757f81997m84di2ad	REMITTANCE	t	2025-03-11 16:23:31.284+05:30	2025-03-11 16:23:31.285+05:30	83d23fad-6a07-418d-a9ff-34d7d1cb5e7d	83d23fad-6a07-418d-a9ff-34d7d1cb5e7d
\.


--
-- Data for Name: vkycs; Type: TABLE DATA; Schema: public; Owner: postgres
--

COPY public.vkycs (id, hashed_key, partner_order_id, order_id, attempt_number, reference_id, profile_id, v_kyc_link, v_kyc_link_expires, v_kyc_link_status, v_kyc_comments, v_kyc_doc_completion_date, device_info, profile_data, performed_by, resources_documents, resources_images, resources_videos, resources_text, location_info, first_name, reviewer_action, tasks, status, status_description, status_detail, created_by, updated_by, "createdAt", "updatedAt") FROM stdin;
3dd73e4c-69f3-4fda-aef8-da33651bfa6c	5615a95e747701608105b2be95978a30m8blhg86	BMFORDERID002	0158f7d3-1433-4624-ae6d-4dec5d3e4aff	1	BMFORDERID002-1742127082304	0ac0bd43-4af1-4811-a0ea-7be9892d079d	https://capture.kyc.idfy.com/v2/captures?t=0VWKvWLQ7iuK	2025-03-31 17:41:18+05:30	active	\N	\N	\N	\N	\N	\N	\N	\N	\N	\N	\N	\N	\N	\N	\N	\N	d1caed18-0331-4f33-9b6d-604edd177fec	d1caed18-0331-4f33-9b6d-604edd177fec	2025-03-16 17:41:22.853+05:30	2025-03-16 17:41:22.853+05:30
c2469f51-b537-49b4-a696-33d9fa488e3c	27ee6844f9fc3970c04119c06c8b097bm8blin3i	BMFORDERID002	0158f7d3-1433-4624-ae6d-4dec5d3e4aff	2	BMFORDERID002-1742127137962	3ee58701-5268-4b72-97d8-af1e65ae5a32	https://capture.kyc.idfy.com/v2/captures?t=bX1iE8c9SBzV	2025-03-31 17:42:14+05:30	active	\N	\N	\N	\N	\N	\N	\N	\N	\N	\N	\N	\N	\N	\N	\N	\N	d1caed18-0331-4f33-9b6d-604edd177fec	d1caed18-0331-4f33-9b6d-604edd177fec	2025-03-16 17:42:18.414+05:30	2025-03-16 17:42:18.414+05:30
c2327ddc-4c59-454e-af65-de3525323621	aeac0bcc8e55f5d7adedc3234abff825m8bmiw79	BMFORDERID002	0158f7d3-1433-4624-ae6d-4dec5d3e4aff	3	BMFORDERID002-1742128829218	89ace978-cfe9-4fe3-9040-1ca03588cbbd	https://capture.kyc.idfy.com/v2/captures?t=zLZRCeHmQdbB	2025-03-31 18:10:25+05:30	capture_pending	\N	2025-03-16 18:10:25+05:30	{}	{"email": [], "notes": null, "purged_at": null, "created_at": "2025-03-16T12:40:25Z", "completed_at": "2025-03-16T12:40:25Z", "performed_by": [], "mobile_number": []}	[]	[]	[]	[]	[{"attr": "name", "tags": null, "type": null, "value": {"first_name": "Mohammed Tayibulla"}, "ref_id": "nil.nil.name.0.nil", "source": 0, "location": {}, "metadata": {}}]	\N	\N	\N	[{"key": "vkyc.assisted_vkyc", "tasks": [{"tasks": [{"key": "key_location", "tasks": [{"key": "key_resolve_location", "result": {"manual_response": null, "automated_response": null}, "status": "pending", "task_id": "5a5c1ac4-f6b1-47b7-b677-62bdebbfc6fe", "resources": [], "task_type": "resolve.location"}], "result": {"manual_response": null, "automated_response": null}, "status": "pending", "task_id": "607cc749-edef-4357-baab-8f70011a5cf7", "resources": [], "task_type": "data_capture.location"}]}, {"tasks": [{"key": "sec_key1", "result": {"manual_response": {"answer": "Karnataka", "question": "What is the State of your current Address?"}, "automated_response": null}, "status": "pending", "task_id": "2387cf1e-4eeb-4a7f-aa5e-9dc812e3c066", "resources": [], "task_type": "verify.security_question"}, {"key": "sec_key2", "result": {"manual_response": {"answer": "Bengaluru", "question": "What is the City of your current Address?"}, "automated_response": null}, "status": "pending", "task_id": "3c7fe626-0a73-42df-98f6-7ebf85514b31", "resources": [], "task_type": "verify.security_question"}, {"key": "sec_key3", "result": {"manual_response": {"answer": "Bengaluru", "question": "What is the District of your current Address?"}, "automated_response": null}, "status": "pending", "task_id": "40428ca2-6b37-456f-b567-2e3b400ded60", "resources": [], "task_type": "verify.security_question"}]}, {"tasks": [{"key": "key13", "result": {"manual_response": null, "automated_response": null}, "status": "pending", "task_id": "6932356e-d960-4f06-86e1-14f632669d83", "resources": [], "task_type": "compare.face_compare"}, {"key": "key14", "result": {"manual_response": null, "automated_response": null}, "status": "pending", "task_id": "17c67cc4-726b-4ffa-9b6e-f134b1768b2b", "resources": [], "task_type": "extract.ind_pan"}]}, {"tasks": [{"key": "key40", "result": {"manual_response": null, "automated_response": null}, "status": "pending", "task_id": "08431d3b-8191-49ae-9296-7c0c446cba04", "question": "Do the faces match?", "resources": [], "task_type": "verify.qa"}]}, {"tasks": [{"key": "key31", "result": {"manual_response": null, "automated_response": null}, "status": "pending", "task_id": "a1c85212-9c85-4cf5-8875-b7f11f1f783e", "question": "Do the Names match?", "resources": [], "task_type": "verify.qa"}, {"key": "key33", "result": {"manual_response": null, "automated_response": null}, "status": "pending", "task_id": "2a946055-68dd-49e0-8aa6-d98566542c4d", "question": "Do the Date of Birth Match?", "resources": [], "task_type": "verify.qa"}]}], "result": {"manual_response": null, "automated_response": null}, "status": "in_progress", "task_id": "772fa9a8-a18a-4406-a8e1-d9933642ce8e", "resources": [], "task_type": "vkyc.assisted_vkyc"}]	capture_pending	{}	\N	d1caed18-0331-4f33-9b6d-604edd177fec	d1caed18-0331-4f33-9b6d-604edd177fec	2025-03-16 18:10:29.829+05:30	2025-03-16 18:59:58.263+05:30
272b540d-3f91-466c-aabb-a24226bbb623	0a736434cf7fa65799a1d8690c785f97m8bp3ku2	BMFORDERID002	0158f7d3-1433-4624-ae6d-4dec5d3e4aff	4	BMFORDERID002-1742133153409	64b5f707-ed47-4076-9976-275db41a6a8b	https://capture.kyc.idfy.com/v2/captures?t=deQpzSYADMYx	2025-03-31 19:22:29+05:30	active	\N	\N	\N	\N	\N	\N	\N	\N	\N	\N	\N	\N	\N	\N	\N	\N	d1caed18-0331-4f33-9b6d-604edd177fec	d1caed18-0331-4f33-9b6d-604edd177fec	2025-03-16 19:22:34.105+05:30	2025-03-16 19:22:34.105+05:30
f0cb1fec-1cfa-404d-b527-19cde58fb901	4ada92a2a7e1f46450b531a51d8eca8dm8bp44iq	BMFORDERID002	0158f7d3-1433-4624-ae6d-4dec5d3e4aff	5	BMFORDERID002-1742133179152	a0ef7f1b-304f-4b53-a9a3-2174baa670ca	https://capture.kyc.idfy.com/v2/captures?t=zlKiqhaJSYja	2025-03-31 19:22:55+05:30	active	\N	\N	\N	\N	\N	\N	\N	\N	\N	\N	\N	\N	\N	\N	\N	\N	d1caed18-0331-4f33-9b6d-604edd177fec	d1caed18-0331-4f33-9b6d-604edd177fec	2025-03-16 19:22:59.617+05:30	2025-03-16 19:22:59.617+05:30
d2ffb76a-6a6d-4407-858a-1a1b1bc0c822	0b11efab445e3392c962240150533244m8bp4iup	BMFORDERID002	0158f7d3-1433-4624-ae6d-4dec5d3e4aff	6	BMFORDERID002-1742133197558	35f4d11b-6b73-4404-8902-e6680374a3d1	https://capture.kyc.idfy.com/v2/captures?t=Z2aXXog9w_PP	2025-03-31 19:23:13+05:30	pending	\N	2025-03-16 19:23:13+05:30	{}	{"email": [], "notes": null, "purged_at": null, "created_at": "2025-03-16T13:53:13Z", "completed_at": "2025-03-16T13:53:13Z", "performed_by": [], "mobile_number": []}	[]	[]	[]	[]	[{"attr": "name", "tags": null, "type": null, "value": {"first_name": "Mohammed Tayibulla"}, "ref_id": "nil.nil.name.0.nil", "source": 0, "location": {}, "metadata": {}}]	\N	\N	\N	[{"key": "vkyc.assisted_vkyc", "tasks": [{"tasks": [{"key": "key_location", "tasks": [{"key": "key_resolve_location", "result": {"manual_response": null, "automated_response": null}, "status": "pending", "task_id": "62e4f631-7060-4458-a99b-714b9d8f907c", "resources": [], "task_type": "resolve.location"}], "result": {"manual_response": null, "automated_response": null}, "status": "pending", "task_id": "46630977-f5a2-4145-aa2b-b47b7c59d895", "resources": [], "task_type": "data_capture.location"}]}, {"tasks": [{"key": "sec_key1", "result": {"manual_response": {"answer": "Karnataka", "question": "What is the State of your current Address?"}, "automated_response": null}, "status": "pending", "task_id": "33bee767-c60d-4b7a-8d81-a82fa692e9f7", "resources": [], "task_type": "verify.security_question"}, {"key": "sec_key2", "result": {"manual_response": {"answer": "Bengaluru", "question": "What is the City of your current Address?"}, "automated_response": null}, "status": "pending", "task_id": "484e9dc9-6ad6-4a7c-9533-16a6abf3ffd8", "resources": [], "task_type": "verify.security_question"}, {"key": "sec_key3", "result": {"manual_response": {"answer": "Bengaluru", "question": "What is the District of your current Address?"}, "automated_response": null}, "status": "pending", "task_id": "244f64d9-2691-4b8f-88eb-924504287535", "resources": [], "task_type": "verify.security_question"}]}, {"tasks": [{"key": "key13", "result": {"manual_response": null, "automated_response": null}, "status": "pending", "task_id": "14f6ed76-20ab-41a7-b2cc-659b8007af3e", "resources": [], "task_type": "compare.face_compare"}, {"key": "key14", "result": {"manual_response": null, "automated_response": null}, "status": "pending", "task_id": "593667a6-eb3d-435c-b343-b5aae025b8fa", "resources": [], "task_type": "extract.ind_pan"}]}, {"tasks": [{"key": "key40", "result": {"manual_response": null, "automated_response": null}, "status": "pending", "task_id": "80d38307-4b7f-45f0-8542-676bedf76bd1", "question": "Do the faces match?", "resources": [], "task_type": "verify.qa"}]}, {"tasks": [{"key": "key31", "result": {"manual_response": null, "automated_response": null}, "status": "pending", "task_id": "69e50285-f7ea-4c25-aa8f-f4310cbfc4e8", "question": "Do the Names match?", "resources": [], "task_type": "verify.qa"}, {"key": "key33", "result": {"manual_response": null, "automated_response": null}, "status": "pending", "task_id": "df1bddca-e868-4b73-bd24-90c9de7a5e13", "question": "Do the Date of Birth Match?", "resources": [], "task_type": "verify.qa"}]}], "result": {"manual_response": null, "automated_response": null}, "status": "in_progress", "task_id": "cc668d23-f007-4fa0-8ec9-ab34c3f0ee65", "resources": [], "task_type": "vkyc.assisted_vkyc"}]	capture_pending	{}	\N	d1caed18-0331-4f33-9b6d-604edd177fec	d1caed18-0331-4f33-9b6d-604edd177fec	2025-03-16 19:23:18.192+05:30	2025-03-16 19:24:35.271+05:30
5e13cd3b-7378-409f-b400-729ec0a0601e	b558207a89d2898633025b9c88206a96m8dia8pv	NIUM2	ae455c41-46ab-4d77-8b1d-244b4ed4f503	1	NIUM2-1742242639602	58aa7b73-6f1d-47d6-a76b-cc4ff70c58e7	https://capture.kyc.idfy.com/v2/captures?t=nYIP4weBnC8b	2025-04-02 01:47:19+05:30	active	\N	\N	\N	\N	\N	\N	\N	\N	\N	\N	\N	\N	\N	\N	\N	\N	1dd73afa-be0b-47db-9515-b9ddb7fd3916	1dd73afa-be0b-47db-9515-b9ddb7fd3916	2025-03-18 01:47:20.034+05:30	2025-03-18 01:47:20.034+05:30
edd1ca86-8b9b-41d5-9e96-cf7c72a2545e	5d74ec4b16267453de8cf5b2af0ef71bm8dib3x1	NIUM2	ae455c41-46ab-4d77-8b1d-244b4ed4f503	2	NIUM2-1742242680065	47b57a83-6b3d-40ea-a9ab-5f0acd4c04e2	https://capture.kyc.idfy.com/v2/captures?t=LNu5chzlIyJA	2025-04-02 01:47:59+05:30	active	\N	\N	\N	\N	\N	\N	\N	\N	\N	\N	\N	\N	\N	\N	\N	\N	1dd73afa-be0b-47db-9515-b9ddb7fd3916	1dd73afa-be0b-47db-9515-b9ddb7fd3916	2025-03-18 01:48:00.468+05:30	2025-03-18 01:48:00.468+05:30
204fb36e-b17e-4948-9334-6e2d615a7920	140e7a9501707c209ae8d17faf790e52m8dipfrg	NIUM2	ae455c41-46ab-4d77-8b1d-244b4ed4f503	3	NIUM2-1742243348587	9e8ce6e5-86cf-4136-9c55-691076d19ca5	https://capture.kyc.idfy.com/v2/captures?t=CPkiKRTClUC5	2025-04-02 01:59:08+05:30	pending	\N	2025-03-18 01:59:08+05:30	{}	{"email": [], "notes": null, "purged_at": null, "created_at": "2025-03-17T20:29:08Z", "completed_at": "2025-03-17T20:29:08Z", "performed_by": [], "mobile_number": []}	[]	[]	[]	[]	[{"attr": "name", "tags": null, "type": null, "value": {"first_name": "Mohammed Tayibulla"}, "ref_id": "nil.nil.name.0.nil", "source": 0, "location": {}, "metadata": {}}]	\N	\N	\N	[{"key": "vkyc.assisted_vkyc", "tasks": [{"tasks": [{"key": "key_location", "tasks": [{"key": "key_resolve_location", "result": {"manual_response": null, "automated_response": null}, "status": "pending", "task_id": "d76edd9c-a20e-473e-a1cb-d678637e29e5", "resources": [], "task_type": "resolve.location"}], "result": {"manual_response": null, "automated_response": null}, "status": "pending", "task_id": "eee5c760-dc27-43c0-bbca-d93d5585ecbe", "resources": [], "task_type": "data_capture.location"}]}, {"tasks": [{"key": "sec_key1", "result": {"manual_response": {"answer": "Mohammed Tayibulla", "question": "What is your name?"}, "automated_response": null}, "status": "pending", "task_id": "9cd4d176-a318-45e2-96e3-8429c8ea5efc", "resources": [], "task_type": "verify.security_question"}, {"key": "sec_key2", "result": {"manual_response": {"answer": "8550895486", "question": "What is your contact number ?"}, "automated_response": null}, "status": "pending", "task_id": "4a8648c5-95aa-4e3d-b14f-ba36b1faf209", "resources": [], "task_type": "verify.security_question"}, {"key": "sec_key3", "result": {"manual_response": {"answer": "contact2tayib@gmail.com", "question": "What is your email id?"}, "automated_response": null}, "status": "pending", "task_id": "dda5c773-885f-4f78-aeb1-185225bb9a08", "resources": [], "task_type": "verify.security_question"}]}, {"tasks": [{"key": "key13", "result": {"manual_response": null, "automated_response": null}, "status": "pending", "task_id": "48210aee-c6ef-4102-aace-562e6bf3046f", "resources": [], "task_type": "compare.face_compare"}, {"key": "key14", "result": {"manual_response": null, "automated_response": null}, "status": "pending", "task_id": "e773a568-dafd-4f6d-8088-7a61c55e5655", "resources": [], "task_type": "extract.ind_pan"}]}, {"tasks": [{"key": "key40", "result": {"manual_response": null, "automated_response": null}, "status": "pending", "task_id": "a78fe4e4-9602-4d5c-b589-6fb8357f389b", "question": "Do the faces match?", "resources": [], "task_type": "verify.qa"}]}, {"tasks": [{"key": "key31", "result": {"manual_response": null, "automated_response": null}, "status": "pending", "task_id": "927833a5-28b1-4772-ad3d-a8f3ff4352ac", "question": "Do the Names match?", "resources": [], "task_type": "verify.qa"}, {"key": "key33", "result": {"manual_response": null, "automated_response": null}, "status": "pending", "task_id": "dabe3f82-7455-410e-91ee-fcbbbf5984bb", "question": "Do the Date of Birth Match?", "resources": [], "task_type": "verify.qa"}]}], "result": {"manual_response": null, "automated_response": null}, "status": "in_progress", "task_id": "a86e18eb-1778-49d9-becd-20d7a5c59418", "resources": [], "task_type": "vkyc.assisted_vkyc"}]	capture_pending	{}	\N	1dd73afa-be0b-47db-9515-b9ddb7fd3916	1dd73afa-be0b-47db-9515-b9ddb7fd3916	2025-03-18 01:59:09.004+05:30	2025-03-18 01:59:13.106+05:30
d4f4aadc-a3fe-49d6-b8d8-ca97fa633857	716a96f2bc3f3c00f47783d4ac95d5c9m8dj4zck	NIUM2	ae455c41-46ab-4d77-8b1d-244b4ed4f503	4	NIUM2-1742244073784	578a0451-d562-4ee6-8930-c41229364ed8	https://capture.kyc.idfy.com/v2/captures?t=XDgSOAdI3fO6	2025-04-02 02:11:13+05:30	active	\N	\N	\N	\N	\N	\N	\N	\N	\N	\N	\N	\N	\N	\N	\N	\N	1dd73afa-be0b-47db-9515-b9ddb7fd3916	1dd73afa-be0b-47db-9515-b9ddb7fd3916	2025-03-18 02:11:14.228+05:30	2025-03-18 02:11:14.228+05:30
ae316061-2947-4e72-ada7-10b4c4c94715	99d7cd5e70e91618f5b6ee04eea436eam8e6rsr5	NIUM3	8e74254a-a2a5-4c07-8f90-7e76111b81c3	1	NIUM3-1742283769601	4e504726-b790-4717-b85d-a98dcf12e177	https://capture.kyc.idfy.com/v2/captures?t=aFXPDpC27JQM	2025-04-02 13:12:49+05:30	active	\N	\N	\N	\N	\N	\N	\N	\N	\N	\N	\N	\N	\N	\N	\N	\N	00eb04d0-646c-41d5-a69e-197b2b504f01	00eb04d0-646c-41d5-a69e-197b2b504f01	2025-03-18 13:12:49.937+05:30	2025-03-18 13:12:49.937+05:30
a9bfaa4e-1494-465d-abdd-bd95e2e86f6f	d4b0712c72abe2f36808c00d8cb653e5m8e77mwg	NIUM3	8e74254a-a2a5-4c07-8f90-7e76111b81c3	2	NIUM3-1742284508468	e5bde616-248d-4a27-9acd-0f3c63fdcdcd	https://capture.kyc.idfy.com/v2/captures?t=9a_fIYFLSWXS	2025-04-02 13:25:08+05:30	active	\N	\N	\N	\N	\N	\N	\N	\N	\N	\N	\N	\N	\N	\N	\N	\N	00eb04d0-646c-41d5-a69e-197b2b504f01	00eb04d0-646c-41d5-a69e-197b2b504f01	2025-03-18 13:25:08.847+05:30	2025-03-18 13:25:08.847+05:30
7b9c0ca9-5856-4ce2-ba7a-f8b02a83c562	3858ddfe8f950921b5712118ed6503d3m8eh8c8f	NIUM2	ae455c41-46ab-4d77-8b1d-244b4ed4f503	5	NIUM2-1742301337519	7d268914-93e2-4fd9-9f5b-c551bf01fcc3	https://capture.kyc.idfy.com/v2/captures?t=-g5NAdz7WNDw	2025-04-02 18:05:36+05:30	active	\N	\N	\N	\N	\N	\N	\N	\N	\N	\N	\N	\N	\N	\N	\N	\N	1dd73afa-be0b-47db-9515-b9ddb7fd3916	1dd73afa-be0b-47db-9515-b9ddb7fd3916	2025-03-18 18:05:37.839+05:30	2025-03-18 18:05:37.839+05:30
b0f65160-1679-4fe7-ae19-afdb3343f5f4	930f908ce70e6ed9e0ac02d1144ed809m8gthsh5	KARTHIK1	f19fcda4-e4f9-409d-b2ef-391e72319d21	1	KARTHIK1-1742442866098	e968006d-43b7-4fac-b156-c0e23f592232	https://capture.kyc.idfy.com/v2/captures?t=ofdBCIMJEhhH	2025-04-04 09:24:25+05:30	pending	\N	2025-03-20 09:24:26+05:30	{}	{"email": [], "notes": null, "purged_at": null, "created_at": "2025-03-20T03:54:25Z", "completed_at": "2025-03-20T03:54:26Z", "performed_by": [], "mobile_number": []}	[]	[]	[]	[]	[{"attr": "name", "tags": null, "type": null, "value": {"first_name": "Mohammed Tayibulla"}, "ref_id": "nil.nil.name.0.nil", "source": 0, "location": {}, "metadata": {}}]	\N	\N	\N	[{"key": "vkyc.assisted_vkyc", "tasks": [{"tasks": [{"key": "key_location", "tasks": [{"key": "key_resolve_location", "result": {"manual_response": null, "automated_response": null}, "status": "pending", "task_id": "fad45a57-867f-418c-a10e-87692d2841e0", "resources": [], "task_type": "resolve.location"}], "result": {"manual_response": null, "automated_response": null}, "status": "pending", "task_id": "0239e2e7-3899-4887-89bd-61f3abf45356", "resources": [], "task_type": "data_capture.location"}]}, {"tasks": [{"key": "sec_key1", "result": {"manual_response": {"answer": "8550895486", "question": "What is your contact number ?"}, "automated_response": null}, "status": "pending", "task_id": "2ccaafc6-4e68-4e0f-a42b-81f9d9a0893c", "resources": [], "task_type": "verify.security_question"}, {"key": "sec_key2", "result": {"manual_response": {"answer": "Mohammed Tayibulla", "question": "What is your name?"}, "automated_response": null}, "status": "pending", "task_id": "4bc664fd-90ae-479e-8e13-bf64d0cad19a", "resources": [], "task_type": "verify.security_question"}, {"key": "sec_key3", "result": {"manual_response": {"answer": "reach2tayib@gmail.com", "question": "What is your email id?"}, "automated_response": null}, "status": "pending", "task_id": "d4f922f7-0703-41f6-a4f6-1180d834748b", "resources": [], "task_type": "verify.security_question"}]}, {"tasks": [{"key": "key13", "result": {"manual_response": null, "automated_response": null}, "status": "pending", "task_id": "cf3cd11f-d60f-4aa4-9ac0-5ff09f5e7b81", "resources": [], "task_type": "compare.face_compare"}, {"key": "key14", "result": {"manual_response": null, "automated_response": null}, "status": "pending", "task_id": "4939cbdf-d4b7-4a80-b0f7-c437f21ec828", "resources": [], "task_type": "extract.ind_pan"}]}, {"tasks": [{"key": "key40", "result": {"manual_response": null, "automated_response": null}, "status": "pending", "task_id": "4738d223-c591-4824-bdd8-9abafb61622e", "question": "Do the faces match?", "resources": [], "task_type": "verify.qa"}]}, {"tasks": [{"key": "key31", "result": {"manual_response": null, "automated_response": null}, "status": "pending", "task_id": "59a30827-9a1c-4b2a-aa1f-a10fcae91471", "question": "Do the Names match?", "resources": [], "task_type": "verify.qa"}, {"key": "key33", "result": {"manual_response": null, "automated_response": null}, "status": "pending", "task_id": "7ea64b24-30b1-4fed-be25-cff8bc5410fa", "question": "Do the Date of Birth Match?", "resources": [], "task_type": "verify.qa"}]}], "result": {"manual_response": null, "automated_response": null}, "status": "in_progress", "task_id": "e01ab018-1925-4194-9171-06fb034097e7", "resources": [], "task_type": "vkyc.assisted_vkyc"}]	capture_pending	{}	\N	00eb04d0-646c-41d5-a69e-197b2b504f01	00eb04d0-646c-41d5-a69e-197b2b504f01	2025-03-20 09:24:26.536+05:30	2025-03-20 09:24:29.515+05:30
35832bfa-00b1-4814-af76-2e25a886bb99	db5703d92739fb3b9a2de5ad249653e7m8hhxgz2	KARTHIK1	f19fcda4-e4f9-409d-b2ef-391e72319d21	2	KARTHIK1-1742483908381	1106212f-6aac-4ae5-8d69-4d36909707ee	https://capture.kyc.idfy.com/v2/captures?t=Y4AOB6Y3B_cc	2025-04-04 20:48:28+05:30	active	\N	\N	\N	\N	\N	\N	\N	\N	\N	\N	\N	\N	\N	\N	\N	\N	00eb04d0-646c-41d5-a69e-197b2b504f01	00eb04d0-646c-41d5-a69e-197b2b504f01	2025-03-20 20:48:28.91+05:30	2025-03-20 20:48:28.91+05:30
\.


--
-- Name: partner_products_id_seq; Type: SEQUENCE SET; Schema: public; Owner: postgres
--

SELECT pg_catalog.setval('public.partner_products_id_seq', 12, true);


--
-- PostgreSQL database dump complete
--

